=== Apollo AST: url_surface.apollo ===
program
Γö£ΓöÇΓöÇΓöÇfn sys__id -> i32
Γöé   Γö£ΓöÇΓöÇΓöÇparams
Γöé   Γöé   ΓööΓöÇΓöÇΓöÇparam i32 value
Γöé   ΓööΓöÇΓöÇΓöÇbody
Γöé       ΓööΓöÇΓöÇΓöÇreturn
Γöé           ΓööΓöÇΓöÇΓöÇid value
Γö£ΓöÇΓöÇΓöÇfn sys__min -> i32
Γöé   Γö£ΓöÇΓöÇΓöÇparams
Γöé   Γöé   Γö£ΓöÇΓöÇΓöÇparam i32 left
Γöé   Γöé   ΓööΓöÇΓöÇΓöÇparam i32 right
Γöé   ΓööΓöÇΓöÇΓöÇbody
Γöé       Γö£ΓöÇΓöÇΓöÇif
Γöé       Γöé   Γö£ΓöÇΓöÇΓöÇcond: cmp <
Γöé       Γöé   Γöé   Γö£ΓöÇΓöÇΓöÇid left
Γöé       Γöé   Γöé   ΓööΓöÇΓöÇΓöÇid right
Γöé       Γöé   ΓööΓöÇΓöÇΓöÇthen
Γöé       Γöé       ΓööΓöÇΓöÇΓöÇreturn
Γöé       Γöé           ΓööΓöÇΓöÇΓöÇid left
Γöé       ΓööΓöÇΓöÇΓöÇreturn
Γöé           ΓööΓöÇΓöÇΓöÇid right
Γö£ΓöÇΓöÇΓöÇfn sys__max -> i32
Γöé   Γö£ΓöÇΓöÇΓöÇparams
Γöé   Γöé   Γö£ΓöÇΓöÇΓöÇparam i32 left
Γöé   Γöé   ΓööΓöÇΓöÇΓöÇparam i32 right
Γöé   ΓööΓöÇΓöÇΓöÇbody
Γöé       Γö£ΓöÇΓöÇΓöÇif
Γöé       Γöé   Γö£ΓöÇΓöÇΓöÇcond: cmp >
Γöé       Γöé   Γöé   Γö£ΓöÇΓöÇΓöÇid left
Γöé       Γöé   Γöé   ΓööΓöÇΓöÇΓöÇid right
Γöé       Γöé   ΓööΓöÇΓöÇΓöÇthen
Γöé       Γöé       ΓööΓöÇΓöÇΓöÇreturn
Γöé       Γöé           ΓööΓöÇΓöÇΓöÇid left
Γöé       ΓööΓöÇΓöÇΓöÇreturn
Γöé           ΓööΓöÇΓöÇΓöÇid right
Γö£ΓöÇΓöÇΓöÇfn sys__clamp -> i32
Γöé   Γö£ΓöÇΓöÇΓöÇparams
Γöé   Γöé   Γö£ΓöÇΓöÇΓöÇparam i32 value
Γöé   Γöé   Γö£ΓöÇΓöÇΓöÇparam i32 low
Γöé   Γöé   ΓööΓöÇΓöÇΓöÇparam i32 high
Γöé   ΓööΓöÇΓöÇΓöÇbody
Γöé       Γö£ΓöÇΓöÇΓöÇif
Γöé       Γöé   Γö£ΓöÇΓöÇΓöÇcond: cmp <
Γöé       Γöé   Γöé   Γö£ΓöÇΓöÇΓöÇid value
Γöé       Γöé   Γöé   ΓööΓöÇΓöÇΓöÇid low
Γöé       Γöé   ΓööΓöÇΓöÇΓöÇthen
Γöé       Γöé       ΓööΓöÇΓöÇΓöÇreturn
Γöé       Γöé           ΓööΓöÇΓöÇΓöÇid low
Γöé       Γö£ΓöÇΓöÇΓöÇif
Γöé       Γöé   Γö£ΓöÇΓöÇΓöÇcond: cmp >
Γöé       Γöé   Γöé   Γö£ΓöÇΓöÇΓöÇid value
Γöé       Γöé   Γöé   ΓööΓöÇΓöÇΓöÇid high
Γöé       Γöé   ΓööΓöÇΓöÇΓöÇthen
Γöé       Γöé       ΓööΓöÇΓöÇΓöÇreturn
Γöé       Γöé           ΓööΓöÇΓöÇΓöÇid high
Γöé       ΓööΓöÇΓöÇΓöÇreturn
Γöé           ΓööΓöÇΓöÇΓöÇid value
Γö£ΓöÇΓöÇΓöÇfn sys__abs_diff -> i32
Γöé   Γö£ΓöÇΓöÇΓöÇparams
Γöé   Γöé   Γö£ΓöÇΓöÇΓöÇparam i32 left
Γöé   Γöé   ΓööΓöÇΓöÇΓöÇparam i32 right
Γöé   ΓööΓöÇΓöÇΓöÇbody
Γöé       Γö£ΓöÇΓöÇΓöÇif
Γöé       Γöé   Γö£ΓöÇΓöÇΓöÇcond: cmp <
Γöé       Γöé   Γöé   Γö£ΓöÇΓöÇΓöÇid left
Γöé       Γöé   Γöé   ΓööΓöÇΓöÇΓöÇid right
Γöé       Γöé   ΓööΓöÇΓöÇΓöÇthen
Γöé       Γöé       ΓööΓöÇΓöÇΓöÇreturn
Γöé       Γöé           ΓööΓöÇΓöÇΓöÇbinop +- -
Γöé       Γöé               Γö£ΓöÇΓöÇΓöÇid right
Γöé       Γöé               ΓööΓöÇΓöÇΓöÇid left
Γöé       ΓööΓöÇΓöÇΓöÇreturn
Γöé           ΓööΓöÇΓöÇΓöÇbinop +- -
Γöé               Γö£ΓöÇΓöÇΓöÇid left
Γöé               ΓööΓöÇΓöÇΓöÇid right
Γö£ΓöÇΓöÇΓöÇfn sys__choose -> i32
Γöé   Γö£ΓöÇΓöÇΓöÇparams
Γöé   Γöé   Γö£ΓöÇΓöÇΓöÇparam i32 condition
Γöé   Γöé   Γö£ΓöÇΓöÇΓöÇparam i32 when_true
Γöé   Γöé   ΓööΓöÇΓöÇΓöÇparam i32 when_false
Γöé   ΓööΓöÇΓöÇΓöÇbody
Γöé       Γö£ΓöÇΓöÇΓöÇif
Γöé       Γöé   Γö£ΓöÇΓöÇΓöÇcond: eq !=
Γöé       Γöé   Γöé   Γö£ΓöÇΓöÇΓöÇid condition
Γöé       Γöé   Γöé   ΓööΓöÇΓöÇΓöÇint 0
Γöé       Γöé   ΓööΓöÇΓöÇΓöÇthen
Γöé       Γöé       ΓööΓöÇΓöÇΓöÇreturn
Γöé       Γöé           ΓööΓöÇΓöÇΓöÇid when_true
Γöé       ΓööΓöÇΓöÇΓöÇreturn
Γöé           ΓööΓöÇΓöÇΓöÇid when_false
Γö£ΓöÇΓöÇΓöÇfn sys__boolify -> i32
Γöé   Γö£ΓöÇΓöÇΓöÇparams
Γöé   Γöé   ΓööΓöÇΓöÇΓöÇparam i32 value
Γöé   ΓööΓöÇΓöÇΓöÇbody
Γöé       Γö£ΓöÇΓöÇΓöÇif
Γöé       Γöé   Γö£ΓöÇΓöÇΓöÇcond: eq !=
Γöé       Γöé   Γöé   Γö£ΓöÇΓöÇΓöÇid value
Γöé       Γöé   Γöé   ΓööΓöÇΓöÇΓöÇint 0
Γöé       Γöé   ΓööΓöÇΓöÇΓöÇthen
Γöé       Γöé       ΓööΓöÇΓöÇΓöÇreturn
Γöé       Γöé           ΓööΓöÇΓöÇΓöÇint 1
Γöé       ΓööΓöÇΓöÇΓöÇreturn
Γöé           ΓööΓöÇΓöÇΓöÇint 0
Γö£ΓöÇΓöÇΓöÇfn sys__average_floor -> i32
Γöé   Γö£ΓöÇΓöÇΓöÇparams
Γöé   Γöé   Γö£ΓöÇΓöÇΓöÇparam i32 left
Γöé   Γöé   ΓööΓöÇΓöÇΓöÇparam i32 right
Γöé   ΓööΓöÇΓöÇΓöÇbody
Γöé       ΓööΓöÇΓöÇΓöÇreturn
Γöé           ΓööΓöÇΓöÇΓöÇshift
Γöé               Γö£ΓöÇΓöÇΓöÇparen
Γöé               Γöé   ΓööΓöÇΓöÇΓöÇbinop +- +
Γöé               Γöé       Γö£ΓöÇΓöÇΓöÇid left
Γöé               Γöé       ΓööΓöÇΓöÇΓöÇid right
Γöé               ΓööΓöÇΓöÇΓöÇint 1
Γö£ΓöÇΓöÇΓöÇfn sys__between -> i32
Γöé   Γö£ΓöÇΓöÇΓöÇparams
Γöé   Γöé   Γö£ΓöÇΓöÇΓöÇparam i32 value
Γöé   Γöé   Γö£ΓöÇΓöÇΓöÇparam i32 low
Γöé   Γöé   ΓööΓöÇΓöÇΓöÇparam i32 high
Γöé   ΓööΓöÇΓöÇΓöÇbody
Γöé       Γö£ΓöÇΓöÇΓöÇif
Γöé       Γöé   Γö£ΓöÇΓöÇΓöÇcond: cmp <
Γöé       Γöé   Γöé   Γö£ΓöÇΓöÇΓöÇid value
Γöé       Γöé   Γöé   ΓööΓöÇΓöÇΓöÇid low
Γöé       Γöé   ΓööΓöÇΓöÇΓöÇthen
Γöé       Γöé       ΓööΓöÇΓöÇΓöÇreturn
Γöé       Γöé           ΓööΓöÇΓöÇΓöÇint 0
Γöé       Γö£ΓöÇΓöÇΓöÇif
Γöé       Γöé   Γö£ΓöÇΓöÇΓöÇcond: cmp >
Γöé       Γöé   Γöé   Γö£ΓöÇΓöÇΓöÇid value
Γöé       Γöé   Γöé   ΓööΓöÇΓöÇΓöÇid high
Γöé       Γöé   ΓööΓöÇΓöÇΓöÇthen
Γöé       Γöé       ΓööΓöÇΓöÇΓöÇreturn
Γöé       Γöé           ΓööΓöÇΓöÇΓöÇint 0
Γöé       ΓööΓöÇΓöÇΓöÇreturn
Γöé           ΓööΓöÇΓöÇΓöÇint 1
Γö£ΓöÇΓöÇΓöÇfn sys__div_floor -> i32
Γöé   Γö£ΓöÇΓöÇΓöÇparams
Γöé   Γöé   Γö£ΓöÇΓöÇΓöÇparam i32 left
Γöé   Γöé   ΓööΓöÇΓöÇΓöÇparam i32 right
Γöé   ΓööΓöÇΓöÇΓöÇbody
Γöé       ΓööΓöÇΓöÇΓöÇreturn
Γöé           ΓööΓöÇΓöÇΓöÇcall sys__native_div_floor(left, right)
Γö£ΓöÇΓöÇΓöÇfn sys__mod_euc -> i32
Γöé   Γö£ΓöÇΓöÇΓöÇparams
Γöé   Γöé   Γö£ΓöÇΓöÇΓöÇparam i32 left
Γöé   Γöé   ΓööΓöÇΓöÇΓöÇparam i32 right
Γöé   ΓööΓöÇΓöÇΓöÇbody
Γöé       ΓööΓöÇΓöÇΓöÇreturn
Γöé           ΓööΓöÇΓöÇΓöÇcall sys__native_mod_euc(left, right)
Γö£ΓöÇΓöÇΓöÇfn sys__saturating_add -> i32
Γöé   Γö£ΓöÇΓöÇΓöÇparams
Γöé   Γöé   Γö£ΓöÇΓöÇΓöÇparam i32 left
Γöé   Γöé   ΓööΓöÇΓöÇΓöÇparam i32 right
Γöé   ΓööΓöÇΓöÇΓöÇbody
Γöé       ΓööΓöÇΓöÇΓöÇreturn
Γöé           ΓööΓöÇΓöÇΓöÇcall sys__native_saturating_add(left, right)
Γö£ΓöÇΓöÇΓöÇfn sys__saturating_sub -> i32
Γöé   Γö£ΓöÇΓöÇΓöÇparams
Γöé   Γöé   Γö£ΓöÇΓöÇΓöÇparam i32 left
Γöé   Γöé   ΓööΓöÇΓöÇΓöÇparam i32 right
Γöé   ΓööΓöÇΓöÇΓöÇbody
Γöé       ΓööΓöÇΓöÇΓöÇreturn
Γöé           ΓööΓöÇΓöÇΓöÇcall sys__native_saturating_sub(left, right)
Γö£ΓöÇΓöÇΓöÇfn sys__saturating_mul -> i32
Γöé   Γö£ΓöÇΓöÇΓöÇparams
Γöé   Γöé   Γö£ΓöÇΓöÇΓöÇparam i32 left
Γöé   Γöé   ΓööΓöÇΓöÇΓöÇparam i32 right
Γöé   ΓööΓöÇΓöÇΓöÇbody
Γöé       ΓööΓöÇΓöÇΓöÇreturn
Γöé           ΓööΓöÇΓöÇΓöÇcall sys__native_saturating_mul(left, right)
Γö£ΓöÇΓöÇΓöÇfn sys__wrapping_add -> i32
Γöé   Γö£ΓöÇΓöÇΓöÇparams
Γöé   Γöé   Γö£ΓöÇΓöÇΓöÇparam i32 left
Γöé   Γöé   ΓööΓöÇΓöÇΓöÇparam i32 right
Γöé   ΓööΓöÇΓöÇΓöÇbody
Γöé       ΓööΓöÇΓöÇΓöÇreturn
Γöé           ΓööΓöÇΓöÇΓöÇcall sys__native_wrapping_add(left, right)
Γö£ΓöÇΓöÇΓöÇfn sys__wrapping_sub -> i32
Γöé   Γö£ΓöÇΓöÇΓöÇparams
Γöé   Γöé   Γö£ΓöÇΓöÇΓöÇparam i32 left
Γöé   Γöé   ΓööΓöÇΓöÇΓöÇparam i32 right
Γöé   ΓööΓöÇΓöÇΓöÇbody
Γöé       ΓööΓöÇΓöÇΓöÇreturn
Γöé           ΓööΓöÇΓöÇΓöÇcall sys__native_wrapping_sub(left, right)
Γö£ΓöÇΓöÇΓöÇfn sys__lcm -> i32
Γöé   Γö£ΓöÇΓöÇΓöÇparams
Γöé   Γöé   Γö£ΓöÇΓöÇΓöÇparam i32 left
Γöé   Γöé   ΓööΓöÇΓöÇΓöÇparam i32 right
Γöé   ΓööΓöÇΓöÇΓöÇbody
Γöé       ΓööΓöÇΓöÇΓöÇreturn
Γöé           ΓööΓöÇΓöÇΓöÇcall sys__native_lcm(left, right)
Γö£ΓöÇΓöÇΓöÇfn sys__signum -> i32
Γöé   Γö£ΓöÇΓöÇΓöÇparams
Γöé   Γöé   ΓööΓöÇΓöÇΓöÇparam i32 value
Γöé   ΓööΓöÇΓöÇΓöÇbody
Γöé       ΓööΓöÇΓöÇΓöÇreturn
Γöé           ΓööΓöÇΓöÇΓöÇcall sys__native_signum(value)
Γö£ΓöÇΓöÇΓöÇunsafe-block
Γö£ΓöÇΓöÇΓöÇfn sys__is_nominal -> i32
Γöé   Γö£ΓöÇΓöÇΓöÇparams
Γöé   Γöé   ΓööΓöÇΓöÇΓöÇparam nconst nominal<i32,str>& value
Γöé   ΓööΓöÇΓöÇΓöÇbody
Γöé       ΓööΓöÇΓöÇΓöÇreturn
Γöé           ΓööΓöÇΓöÇΓöÇcall sys__is_nominal(value)
Γö£ΓöÇΓöÇΓöÇfn sys__is_nominal -> i32
Γöé   Γö£ΓöÇΓöÇΓöÇparams
Γöé   Γöé   ΓööΓöÇΓöÇΓöÇparam nconst nominal<bool,str>& value
Γöé   ΓööΓöÇΓöÇΓöÇbody
Γöé       ΓööΓöÇΓöÇΓöÇreturn
Γöé           ΓööΓöÇΓöÇΓöÇcall sys__is_nominal(value)
Γö£ΓöÇΓöÇΓöÇfn sys__is_nominal -> i32
Γöé   Γö£ΓöÇΓöÇΓöÇparams
Γöé   Γöé   ΓööΓöÇΓöÇΓöÇparam nconst nominal<f64,str>& value
Γöé   ΓööΓöÇΓöÇΓöÇbody
Γöé       ΓööΓöÇΓöÇΓöÇreturn
Γöé           ΓööΓöÇΓöÇΓöÇcall sys__is_nominal(value)
Γö£ΓöÇΓöÇΓöÇfn sys__is_nominal -> i32
Γöé   Γö£ΓöÇΓöÇΓöÇparams
Γöé   Γöé   ΓööΓöÇΓöÇΓöÇparam nconst nominal<str,str>& value
Γöé   ΓööΓöÇΓöÇΓöÇbody
Γöé       ΓööΓöÇΓöÇΓöÇreturn
Γöé           ΓööΓöÇΓöÇΓöÇcall sys__is_nominal(value)
Γö£ΓöÇΓöÇΓöÇfn sys__is_nominal -> i32
Γöé   Γö£ΓöÇΓöÇΓöÇparams
Γöé   Γöé   ΓööΓöÇΓöÇΓöÇparam nconst option<i32>& value
Γöé   ΓööΓöÇΓöÇΓöÇbody
Γöé       ΓööΓöÇΓöÇΓöÇreturn
Γöé           ΓööΓöÇΓöÇΓöÇcall sys__is_nominal(value)
Γö£ΓöÇΓöÇΓöÇfn sys__is_nominal -> i32
Γöé   Γö£ΓöÇΓöÇΓöÇparams
Γöé   Γöé   ΓööΓöÇΓöÇΓöÇparam nconst option<bool>& value
Γöé   ΓööΓöÇΓöÇΓöÇbody
Γöé       ΓööΓöÇΓöÇΓöÇreturn
Γöé           ΓööΓöÇΓöÇΓöÇcall sys__is_nominal(value)
Γö£ΓöÇΓöÇΓöÇfn sys__is_nominal -> i32
Γöé   Γö£ΓöÇΓöÇΓöÇparams
Γöé   Γöé   ΓööΓöÇΓöÇΓöÇparam nconst option<f64>& value
Γöé   ΓööΓöÇΓöÇΓöÇbody
Γöé       ΓööΓöÇΓöÇΓöÇreturn
Γöé           ΓööΓöÇΓöÇΓöÇcall sys__is_nominal(value)
Γö£ΓöÇΓöÇΓöÇfn sys__is_nominal -> i32
Γöé   Γö£ΓöÇΓöÇΓöÇparams
Γöé   Γöé   ΓööΓöÇΓöÇΓöÇparam nconst option<str>& value
Γöé   ΓööΓöÇΓöÇΓöÇbody
Γöé       ΓööΓöÇΓöÇΓöÇreturn
Γöé           ΓööΓöÇΓöÇΓöÇcall sys__is_nominal(value)
Γö£ΓöÇΓöÇΓöÇfn sys__is_nominal -> i32
Γöé   Γö£ΓöÇΓöÇΓöÇparams
Γöé   Γöé   ΓööΓöÇΓöÇΓöÇparam nconst option<i32,cerr>& value
Γöé   ΓööΓöÇΓöÇΓöÇbody
Γöé       ΓööΓöÇΓöÇΓöÇreturn
Γöé           ΓööΓöÇΓöÇΓöÇcall sys__is_nominal(value)
Γö£ΓöÇΓöÇΓöÇfn sys__is_nominal -> i32
Γöé   Γö£ΓöÇΓöÇΓöÇparams
Γöé   Γöé   ΓööΓöÇΓöÇΓöÇparam nconst option<bool,cerr>& value
Γöé   ΓööΓöÇΓöÇΓöÇbody
Γöé       ΓööΓöÇΓöÇΓöÇreturn
Γöé           ΓööΓöÇΓöÇΓöÇcall sys__is_nominal(value)
Γö£ΓöÇΓöÇΓöÇfn sys__is_nominal -> i32
Γöé   Γö£ΓöÇΓöÇΓöÇparams
Γöé   Γöé   ΓööΓöÇΓöÇΓöÇparam nconst option<f64,cerr>& value
Γöé   ΓööΓöÇΓöÇΓöÇbody
Γöé       ΓööΓöÇΓöÇΓöÇreturn
Γöé           ΓööΓöÇΓöÇΓöÇcall sys__is_nominal(value)
Γö£ΓöÇΓöÇΓöÇfn sys__is_nominal -> i32
Γöé   Γö£ΓöÇΓöÇΓöÇparams
Γöé   Γöé   ΓööΓöÇΓöÇΓöÇparam nconst option<str,cerr>& value
Γöé   ΓööΓöÇΓöÇΓöÇbody
Γöé       ΓööΓöÇΓöÇΓöÇreturn
Γöé           ΓööΓöÇΓöÇΓöÇcall sys__is_nominal(value)
Γö£ΓöÇΓöÇΓöÇfn sys__is_cerr -> i32
Γöé   Γö£ΓöÇΓöÇΓöÇparams
Γöé   Γöé   ΓööΓöÇΓöÇΓöÇparam nconst nominal<i32,str>& value
Γöé   ΓööΓöÇΓöÇΓöÇbody
Γöé       ΓööΓöÇΓöÇΓöÇreturn
Γöé           ΓööΓöÇΓöÇΓöÇcall sys__is_cerr(value)
Γö£ΓöÇΓöÇΓöÇfn sys__is_cerr -> i32
Γöé   Γö£ΓöÇΓöÇΓöÇparams
Γöé   Γöé   ΓööΓöÇΓöÇΓöÇparam nconst nominal<bool,str>& value
Γöé   ΓööΓöÇΓöÇΓöÇbody
Γöé       ΓööΓöÇΓöÇΓöÇreturn
Γöé           ΓööΓöÇΓöÇΓöÇcall sys__is_cerr(value)
Γö£ΓöÇΓöÇΓöÇfn sys__is_cerr -> i32
Γöé   Γö£ΓöÇΓöÇΓöÇparams
Γöé   Γöé   ΓööΓöÇΓöÇΓöÇparam nconst nominal<f64,str>& value
Γöé   ΓööΓöÇΓöÇΓöÇbody
Γöé       ΓööΓöÇΓöÇΓöÇreturn
Γöé           ΓööΓöÇΓöÇΓöÇcall sys__is_cerr(value)
Γö£ΓöÇΓöÇΓöÇfn sys__is_cerr -> i32
Γöé   Γö£ΓöÇΓöÇΓöÇparams
Γöé   Γöé   ΓööΓöÇΓöÇΓöÇparam nconst nominal<str,str>& value
Γöé   ΓööΓöÇΓöÇΓöÇbody
Γöé       ΓööΓöÇΓöÇΓöÇreturn
Γöé           ΓööΓöÇΓöÇΓöÇcall sys__is_cerr(value)
Γö£ΓöÇΓöÇΓöÇfn sys__is_cerr -> i32
Γöé   Γö£ΓöÇΓöÇΓöÇparams
Γöé   Γöé   ΓööΓöÇΓöÇΓöÇparam nconst option<i32>& value
Γöé   ΓööΓöÇΓöÇΓöÇbody
Γöé       ΓööΓöÇΓöÇΓöÇreturn
Γöé           ΓööΓöÇΓöÇΓöÇcall sys__is_cerr(value)
Γö£ΓöÇΓöÇΓöÇfn sys__is_cerr -> i32
Γöé   Γö£ΓöÇΓöÇΓöÇparams
Γöé   Γöé   ΓööΓöÇΓöÇΓöÇparam nconst option<bool>& value
Γöé   ΓööΓöÇΓöÇΓöÇbody
Γöé       ΓööΓöÇΓöÇΓöÇreturn
Γöé           ΓööΓöÇΓöÇΓöÇcall sys__is_cerr(value)
Γö£ΓöÇΓöÇΓöÇfn sys__is_cerr -> i32
Γöé   Γö£ΓöÇΓöÇΓöÇparams
Γöé   Γöé   ΓööΓöÇΓöÇΓöÇparam nconst option<f64>& value
Γöé   ΓööΓöÇΓöÇΓöÇbody
Γöé       ΓööΓöÇΓöÇΓöÇreturn
Γöé           ΓööΓöÇΓöÇΓöÇcall sys__is_cerr(value)
Γö£ΓöÇΓöÇΓöÇfn sys__is_cerr -> i32
Γöé   Γö£ΓöÇΓöÇΓöÇparams
Γöé   Γöé   ΓööΓöÇΓöÇΓöÇparam nconst option<str>& value
Γöé   ΓööΓöÇΓöÇΓöÇbody
Γöé       ΓööΓöÇΓöÇΓöÇreturn
Γöé           ΓööΓöÇΓöÇΓöÇcall sys__is_cerr(value)
Γö£ΓöÇΓöÇΓöÇfn sys__is_cerr -> i32
Γöé   Γö£ΓöÇΓöÇΓöÇparams
Γöé   Γöé   ΓööΓöÇΓöÇΓöÇparam nconst option<i32,cerr>& value
Γöé   ΓööΓöÇΓöÇΓöÇbody
Γöé       ΓööΓöÇΓöÇΓöÇreturn
Γöé           ΓööΓöÇΓöÇΓöÇcall sys__is_cerr(value)
Γö£ΓöÇΓöÇΓöÇfn sys__is_cerr -> i32
Γöé   Γö£ΓöÇΓöÇΓöÇparams
Γöé   Γöé   ΓööΓöÇΓöÇΓöÇparam nconst option<bool,cerr>& value
Γöé   ΓööΓöÇΓöÇΓöÇbody
Γöé       ΓööΓöÇΓöÇΓöÇreturn
Γöé           ΓööΓöÇΓöÇΓöÇcall sys__is_cerr(value)
Γö£ΓöÇΓöÇΓöÇfn sys__is_cerr -> i32
Γöé   Γö£ΓöÇΓöÇΓöÇparams
Γöé   Γöé   ΓööΓöÇΓöÇΓöÇparam nconst option<f64,cerr>& value
Γöé   ΓööΓöÇΓöÇΓöÇbody
Γöé       ΓööΓöÇΓöÇΓöÇreturn
Γöé           ΓööΓöÇΓöÇΓöÇcall sys__is_cerr(value)
Γö£ΓöÇΓöÇΓöÇfn sys__is_cerr -> i32
Γöé   Γö£ΓöÇΓöÇΓöÇparams
Γöé   Γöé   ΓööΓöÇΓöÇΓöÇparam nconst option<str,cerr>& value
Γöé   ΓööΓöÇΓöÇΓöÇbody
Γöé       ΓööΓöÇΓöÇΓöÇreturn
Γöé           ΓööΓöÇΓöÇΓöÇcall sys__is_cerr(value)
Γö£ΓöÇΓöÇΓöÇfn sys__is_terminal -> i32
Γöé   Γö£ΓöÇΓöÇΓöÇparams
Γöé   Γöé   ΓööΓöÇΓöÇΓöÇparam nconst nominal<i32,str>& value
Γöé   ΓööΓöÇΓöÇΓöÇbody
Γöé       ΓööΓöÇΓöÇΓöÇreturn
Γöé           ΓööΓöÇΓöÇΓöÇcall sys__is_terminal(value)
Γö£ΓöÇΓöÇΓöÇfn sys__is_terminal -> i32
Γöé   Γö£ΓöÇΓöÇΓöÇparams
Γöé   Γöé   ΓööΓöÇΓöÇΓöÇparam nconst nominal<bool,str>& value
Γöé   ΓööΓöÇΓöÇΓöÇbody
Γöé       ΓööΓöÇΓöÇΓöÇreturn
Γöé           ΓööΓöÇΓöÇΓöÇcall sys__is_terminal(value)
Γö£ΓöÇΓöÇΓöÇfn sys__is_terminal -> i32
Γöé   Γö£ΓöÇΓöÇΓöÇparams
Γöé   Γöé   ΓööΓöÇΓöÇΓöÇparam nconst nominal<f64,str>& value
Γöé   ΓööΓöÇΓöÇΓöÇbody
Γöé       ΓööΓöÇΓöÇΓöÇreturn
Γöé           ΓööΓöÇΓöÇΓöÇcall sys__is_terminal(value)
Γö£ΓöÇΓöÇΓöÇfn sys__is_terminal -> i32
Γöé   Γö£ΓöÇΓöÇΓöÇparams
Γöé   Γöé   ΓööΓöÇΓöÇΓöÇparam nconst nominal<str,str>& value
Γöé   ΓööΓöÇΓöÇΓöÇbody
Γöé       ΓööΓöÇΓöÇΓöÇreturn
Γöé           ΓööΓöÇΓöÇΓöÇcall sys__is_terminal(value)
Γö£ΓöÇΓöÇΓöÇfn sys__is_terminal -> i32
Γöé   Γö£ΓöÇΓöÇΓöÇparams
Γöé   Γöé   ΓööΓöÇΓöÇΓöÇparam nconst option<i32>& value
Γöé   ΓööΓöÇΓöÇΓöÇbody
Γöé       ΓööΓöÇΓöÇΓöÇreturn
Γöé           ΓööΓöÇΓöÇΓöÇcall sys__is_terminal(value)
Γö£ΓöÇΓöÇΓöÇfn sys__is_terminal -> i32
Γöé   Γö£ΓöÇΓöÇΓöÇparams
Γöé   Γöé   ΓööΓöÇΓöÇΓöÇparam nconst option<bool>& value
Γöé   ΓööΓöÇΓöÇΓöÇbody
Γöé       ΓööΓöÇΓöÇΓöÇreturn
Γöé           ΓööΓöÇΓöÇΓöÇcall sys__is_terminal(value)
Γö£ΓöÇΓöÇΓöÇfn sys__is_terminal -> i32
Γöé   Γö£ΓöÇΓöÇΓöÇparams
Γöé   Γöé   ΓööΓöÇΓöÇΓöÇparam nconst option<f64>& value
Γöé   ΓööΓöÇΓöÇΓöÇbody
Γöé       ΓööΓöÇΓöÇΓöÇreturn
Γöé           ΓööΓöÇΓöÇΓöÇcall sys__is_terminal(value)
Γö£ΓöÇΓöÇΓöÇfn sys__is_terminal -> i32
Γöé   Γö£ΓöÇΓöÇΓöÇparams
Γöé   Γöé   ΓööΓöÇΓöÇΓöÇparam nconst option<str>& value
Γöé   ΓööΓöÇΓöÇΓöÇbody
Γöé       ΓööΓöÇΓöÇΓöÇreturn
Γöé           ΓööΓöÇΓöÇΓöÇcall sys__is_terminal(value)
Γö£ΓöÇΓöÇΓöÇfn sys__is_terminal -> i32
Γöé   Γö£ΓöÇΓöÇΓöÇparams
Γöé   Γöé   ΓööΓöÇΓöÇΓöÇparam nconst option<i32,cerr>& value
Γöé   ΓööΓöÇΓöÇΓöÇbody
Γöé       ΓööΓöÇΓöÇΓöÇreturn
Γöé           ΓööΓöÇΓöÇΓöÇcall sys__is_terminal(value)
Γö£ΓöÇΓöÇΓöÇfn sys__is_terminal -> i32
Γöé   Γö£ΓöÇΓöÇΓöÇparams
Γöé   Γöé   ΓööΓöÇΓöÇΓöÇparam nconst option<bool,cerr>& value
Γöé   ΓööΓöÇΓöÇΓöÇbody
Γöé       ΓööΓöÇΓöÇΓöÇreturn
Γöé           ΓööΓöÇΓöÇΓöÇcall sys__is_terminal(value)
Γö£ΓöÇΓöÇΓöÇfn sys__is_terminal -> i32
Γöé   Γö£ΓöÇΓöÇΓöÇparams
Γöé   Γöé   ΓööΓöÇΓöÇΓöÇparam nconst option<f64,cerr>& value
Γöé   ΓööΓöÇΓöÇΓöÇbody
Γöé       ΓööΓöÇΓöÇΓöÇreturn
Γöé           ΓööΓöÇΓöÇΓöÇcall sys__is_terminal(value)
Γö£ΓöÇΓöÇΓöÇfn sys__is_terminal -> i32
Γöé   Γö£ΓöÇΓöÇΓöÇparams
Γöé   Γöé   ΓööΓöÇΓöÇΓöÇparam nconst option<str,cerr>& value
Γöé   ΓööΓöÇΓöÇΓöÇbody
Γöé       ΓööΓöÇΓöÇΓöÇreturn
Γöé           ΓööΓöÇΓöÇΓöÇcall sys__is_terminal(value)
Γö£ΓöÇΓöÇΓöÇfn sys__unwrap_i32 -> i32
Γöé   Γö£ΓöÇΓöÇΓöÇparams
Γöé   Γöé   ΓööΓöÇΓöÇΓöÇparam nconst nominal<i32,str>& value
Γöé   ΓööΓöÇΓöÇΓöÇbody
Γöé       ΓööΓöÇΓöÇΓöÇreturn
Γöé           ΓööΓöÇΓöÇΓöÇcall sys__unwrap_i32(value)
Γö£ΓöÇΓöÇΓöÇfn sys__unwrap_i32 -> i32
Γöé   Γö£ΓöÇΓöÇΓöÇparams
Γöé   Γöé   ΓööΓöÇΓöÇΓöÇparam nconst option<i32>& value
Γöé   ΓööΓöÇΓöÇΓöÇbody
Γöé       ΓööΓöÇΓöÇΓöÇreturn
Γöé           ΓööΓöÇΓöÇΓöÇcall sys__unwrap_i32(value)
Γö£ΓöÇΓöÇΓöÇfn sys__unwrap_i32 -> i32
Γöé   Γö£ΓöÇΓöÇΓöÇparams
Γöé   Γöé   ΓööΓöÇΓöÇΓöÇparam nconst option<i32,cerr>& value
Γöé   ΓööΓöÇΓöÇΓöÇbody
Γöé       ΓööΓöÇΓöÇΓöÇreturn
Γöé           ΓööΓöÇΓöÇΓöÇcall sys__unwrap_i32(value)
Γö£ΓöÇΓöÇΓöÇfn sys__unwrap_bool -> i32
Γöé   Γö£ΓöÇΓöÇΓöÇparams
Γöé   Γöé   ΓööΓöÇΓöÇΓöÇparam nconst nominal<bool,str>& value
Γöé   ΓööΓöÇΓöÇΓöÇbody
Γöé       ΓööΓöÇΓöÇΓöÇreturn
Γöé           ΓööΓöÇΓöÇΓöÇcall sys__unwrap_bool(value)
Γö£ΓöÇΓöÇΓöÇfn sys__unwrap_bool -> i32
Γöé   Γö£ΓöÇΓöÇΓöÇparams
Γöé   Γöé   ΓööΓöÇΓöÇΓöÇparam nconst option<bool>& value
Γöé   ΓööΓöÇΓöÇΓöÇbody
Γöé       ΓööΓöÇΓöÇΓöÇreturn
Γöé           ΓööΓöÇΓöÇΓöÇcall sys__unwrap_bool(value)
Γö£ΓöÇΓöÇΓöÇfn sys__unwrap_bool -> i32
Γöé   Γö£ΓöÇΓöÇΓöÇparams
Γöé   Γöé   ΓööΓöÇΓöÇΓöÇparam nconst option<bool,cerr>& value
Γöé   ΓööΓöÇΓöÇΓöÇbody
Γöé       ΓööΓöÇΓöÇΓöÇreturn
Γöé           ΓööΓöÇΓöÇΓöÇcall sys__unwrap_bool(value)
Γö£ΓöÇΓöÇΓöÇfn sys__unwrap_f64 -> f64
Γöé   Γö£ΓöÇΓöÇΓöÇparams
Γöé   Γöé   ΓööΓöÇΓöÇΓöÇparam nconst nominal<f64,str>& value
Γöé   ΓööΓöÇΓöÇΓöÇbody
Γöé       ΓööΓöÇΓöÇΓöÇreturn
Γöé           ΓööΓöÇΓöÇΓöÇcall sys__unwrap_f64(value)
Γö£ΓöÇΓöÇΓöÇfn sys__unwrap_f64 -> f64
Γöé   Γö£ΓöÇΓöÇΓöÇparams
Γöé   Γöé   ΓööΓöÇΓöÇΓöÇparam nconst option<f64>& value
Γöé   ΓööΓöÇΓöÇΓöÇbody
Γöé       ΓööΓöÇΓöÇΓöÇreturn
Γöé           ΓööΓöÇΓöÇΓöÇcall sys__unwrap_f64(value)
Γö£ΓöÇΓöÇΓöÇfn sys__unwrap_f64 -> f64
Γöé   Γö£ΓöÇΓöÇΓöÇparams
Γöé   Γöé   ΓööΓöÇΓöÇΓöÇparam nconst option<f64,cerr>& value
Γöé   ΓööΓöÇΓöÇΓöÇbody
Γöé       ΓööΓöÇΓöÇΓöÇreturn
Γöé           ΓööΓöÇΓöÇΓöÇcall sys__unwrap_f64(value)
Γö£ΓöÇΓöÇΓöÇfn sys__unwrap_str -> str
Γöé   Γö£ΓöÇΓöÇΓöÇparams
Γöé   Γöé   ΓööΓöÇΓöÇΓöÇparam nconst nominal<str,str>& value
Γöé   ΓööΓöÇΓöÇΓöÇbody
Γöé       ΓööΓöÇΓöÇΓöÇreturn
Γöé           ΓööΓöÇΓöÇΓöÇcall sys__unwrap_str(value)
Γö£ΓöÇΓöÇΓöÇfn sys__unwrap_str -> str
Γöé   Γö£ΓöÇΓöÇΓöÇparams
Γöé   Γöé   ΓööΓöÇΓöÇΓöÇparam nconst option<str>& value
Γöé   ΓööΓöÇΓöÇΓöÇbody
Γöé       ΓööΓöÇΓöÇΓöÇreturn
Γöé           ΓööΓöÇΓöÇΓöÇcall sys__unwrap_str(value)
Γö£ΓöÇΓöÇΓöÇfn sys__unwrap_str -> str
Γöé   Γö£ΓöÇΓöÇΓöÇparams
Γöé   Γöé   ΓööΓöÇΓöÇΓöÇparam nconst option<str,cerr>& value
Γöé   ΓööΓöÇΓöÇΓöÇbody
Γöé       ΓööΓöÇΓöÇΓöÇreturn
Γöé           ΓööΓöÇΓöÇΓöÇcall sys__unwrap_str(value)
Γö£ΓöÇΓöÇΓöÇfn sys__error_message -> str
Γöé   Γö£ΓöÇΓöÇΓöÇparams
Γöé   Γöé   ΓööΓöÇΓöÇΓöÇparam nconst nominal<i32,str>& value
Γöé   ΓööΓöÇΓöÇΓöÇbody
Γöé       ΓööΓöÇΓöÇΓöÇreturn
Γöé           ΓööΓöÇΓöÇΓöÇcall sys__error_message(value)
Γö£ΓöÇΓöÇΓöÇfn sys__error_message -> str
Γöé   Γö£ΓöÇΓöÇΓöÇparams
Γöé   Γöé   ΓööΓöÇΓöÇΓöÇparam nconst nominal<bool,str>& value
Γöé   ΓööΓöÇΓöÇΓöÇbody
Γöé       ΓööΓöÇΓöÇΓöÇreturn
Γöé           ΓööΓöÇΓöÇΓöÇcall sys__error_message(value)
Γö£ΓöÇΓöÇΓöÇfn sys__error_message -> str
Γöé   Γö£ΓöÇΓöÇΓöÇparams
Γöé   Γöé   ΓööΓöÇΓöÇΓöÇparam nconst nominal<f64,str>& value
Γöé   ΓööΓöÇΓöÇΓöÇbody
Γöé       ΓööΓöÇΓöÇΓöÇreturn
Γöé           ΓööΓöÇΓöÇΓöÇcall sys__error_message(value)
Γö£ΓöÇΓöÇΓöÇfn sys__error_message -> str
Γöé   Γö£ΓöÇΓöÇΓöÇparams
Γöé   Γöé   ΓööΓöÇΓöÇΓöÇparam nconst nominal<str,str>& value
Γöé   ΓööΓöÇΓöÇΓöÇbody
Γöé       ΓööΓöÇΓöÇΓöÇreturn
Γöé           ΓööΓöÇΓöÇΓöÇcall sys__error_message(value)
Γö£ΓöÇΓöÇΓöÇfn sys__error_message -> str
Γöé   Γö£ΓöÇΓöÇΓöÇparams
Γöé   Γöé   ΓööΓöÇΓöÇΓöÇparam nconst option<i32>& value
Γöé   ΓööΓöÇΓöÇΓöÇbody
Γöé       ΓööΓöÇΓöÇΓöÇreturn
Γöé           ΓööΓöÇΓöÇΓöÇcall sys__error_message(value)
Γö£ΓöÇΓöÇΓöÇfn sys__error_message -> str
Γöé   Γö£ΓöÇΓöÇΓöÇparams
Γöé   Γöé   ΓööΓöÇΓöÇΓöÇparam nconst option<bool>& value
Γöé   ΓööΓöÇΓöÇΓöÇbody
Γöé       ΓööΓöÇΓöÇΓöÇreturn
Γöé           ΓööΓöÇΓöÇΓöÇcall sys__error_message(value)
Γö£ΓöÇΓöÇΓöÇfn sys__error_message -> str
Γöé   Γö£ΓöÇΓöÇΓöÇparams
Γöé   Γöé   ΓööΓöÇΓöÇΓöÇparam nconst option<f64>& value
Γöé   ΓööΓöÇΓöÇΓöÇbody
Γöé       ΓööΓöÇΓöÇΓöÇreturn
Γöé           ΓööΓöÇΓöÇΓöÇcall sys__error_message(value)
Γö£ΓöÇΓöÇΓöÇfn sys__error_message -> str
Γöé   Γö£ΓöÇΓöÇΓöÇparams
Γöé   Γöé   ΓööΓöÇΓöÇΓöÇparam nconst option<str>& value
Γöé   ΓööΓöÇΓöÇΓöÇbody
Γöé       ΓööΓöÇΓöÇΓöÇreturn
Γöé           ΓööΓöÇΓöÇΓöÇcall sys__error_message(value)
Γö£ΓöÇΓöÇΓöÇfn sys__error_message -> str
Γöé   Γö£ΓöÇΓöÇΓöÇparams
Γöé   Γöé   ΓööΓöÇΓöÇΓöÇparam nconst option<i32,cerr>& value
Γöé   ΓööΓöÇΓöÇΓöÇbody
Γöé       ΓööΓöÇΓöÇΓöÇreturn
Γöé           ΓööΓöÇΓöÇΓöÇcall sys__error_message(value)
Γö£ΓöÇΓöÇΓöÇfn sys__error_message -> str
Γöé   Γö£ΓöÇΓöÇΓöÇparams
Γöé   Γöé   ΓööΓöÇΓöÇΓöÇparam nconst option<bool,cerr>& value
Γöé   ΓööΓöÇΓöÇΓöÇbody
Γöé       ΓööΓöÇΓöÇΓöÇreturn
Γöé           ΓööΓöÇΓöÇΓöÇcall sys__error_message(value)
Γö£ΓöÇΓöÇΓöÇfn sys__error_message -> str
Γöé   Γö£ΓöÇΓöÇΓöÇparams
Γöé   Γöé   ΓööΓöÇΓöÇΓöÇparam nconst option<f64,cerr>& value
Γöé   ΓööΓöÇΓöÇΓöÇbody
Γöé       ΓööΓöÇΓöÇΓöÇreturn
Γöé           ΓööΓöÇΓöÇΓöÇcall sys__error_message(value)
Γö£ΓöÇΓöÇΓöÇfn sys__error_message -> str
Γöé   Γö£ΓöÇΓöÇΓöÇparams
Γöé   Γöé   ΓööΓöÇΓöÇΓöÇparam nconst option<str,cerr>& value
Γöé   ΓööΓöÇΓöÇΓöÇbody
Γöé       ΓööΓöÇΓöÇΓöÇreturn
Γöé           ΓööΓöÇΓöÇΓöÇcall sys__error_message(value)
Γö£ΓöÇΓöÇΓöÇfn sys__abs -> i32
Γöé   Γö£ΓöÇΓöÇΓöÇparams
Γöé   Γöé   ΓööΓöÇΓöÇΓöÇparam i32 value
Γöé   ΓööΓöÇΓöÇΓöÇbody
Γöé       Γö£ΓöÇΓöÇΓöÇif
Γöé       Γöé   Γö£ΓöÇΓöÇΓöÇcond: cmp <
Γöé       Γöé   Γöé   Γö£ΓöÇΓöÇΓöÇid value
Γöé       Γöé   Γöé   ΓööΓöÇΓöÇΓöÇint 0
Γöé       Γöé   ΓööΓöÇΓöÇΓöÇthen
Γöé       Γöé       ΓööΓöÇΓöÇΓöÇreturn
Γöé       Γöé           ΓööΓöÇΓöÇΓöÇbinop +- -
Γöé       Γöé               Γö£ΓöÇΓöÇΓöÇint 0
Γöé       Γöé               ΓööΓöÇΓöÇΓöÇid value
Γöé       ΓööΓöÇΓöÇΓöÇreturn
Γöé           ΓööΓöÇΓöÇΓöÇid value
Γö£ΓöÇΓöÇΓöÇfn sys__sign -> i32
Γöé   Γö£ΓöÇΓöÇΓöÇparams
Γöé   Γöé   ΓööΓöÇΓöÇΓöÇparam i32 value
Γöé   ΓööΓöÇΓöÇΓöÇbody
Γöé       Γö£ΓöÇΓöÇΓöÇif
Γöé       Γöé   Γö£ΓöÇΓöÇΓöÇcond: cmp <
Γöé       Γöé   Γöé   Γö£ΓöÇΓöÇΓöÇid value
Γöé       Γöé   Γöé   ΓööΓöÇΓöÇΓöÇint 0
Γöé       Γöé   ΓööΓöÇΓöÇΓöÇthen
Γöé       Γöé       ΓööΓöÇΓöÇΓöÇreturn
Γöé       Γöé           ΓööΓöÇΓöÇΓöÇbinop +- -
Γöé       Γöé               Γö£ΓöÇΓöÇΓöÇint 0
Γöé       Γöé               ΓööΓöÇΓöÇΓöÇint 1
Γöé       Γö£ΓöÇΓöÇΓöÇif
Γöé       Γöé   Γö£ΓöÇΓöÇΓöÇcond: cmp >
Γöé       Γöé   Γöé   Γö£ΓöÇΓöÇΓöÇid value
Γöé       Γöé   Γöé   ΓööΓöÇΓöÇΓöÇint 0
Γöé       Γöé   ΓööΓöÇΓöÇΓöÇthen
Γöé       Γöé       ΓööΓöÇΓöÇΓöÇreturn
Γöé       Γöé           ΓööΓöÇΓöÇΓöÇint 1
Γöé       ΓööΓöÇΓöÇΓöÇreturn
Γöé           ΓööΓöÇΓöÇΓöÇint 0
Γö£ΓöÇΓöÇΓöÇfn sys__twice -> i32
Γöé   Γö£ΓöÇΓöÇΓöÇparams
Γöé   Γöé   ΓööΓöÇΓöÇΓöÇparam i32 value
Γöé   ΓööΓöÇΓöÇΓöÇbody
Γöé       ΓööΓöÇΓöÇΓöÇreturn
Γöé           ΓööΓöÇΓöÇΓöÇbinop +- +
Γöé               Γö£ΓöÇΓöÇΓöÇid value
Γöé               ΓööΓöÇΓöÇΓöÇid value
Γö£ΓöÇΓöÇΓöÇfn sys__triple -> i32
Γöé   Γö£ΓöÇΓöÇΓöÇparams
Γöé   Γöé   ΓööΓöÇΓöÇΓöÇparam i32 value
Γöé   ΓööΓöÇΓöÇΓöÇbody
Γöé       ΓööΓöÇΓöÇΓöÇreturn
Γöé           ΓööΓöÇΓöÇΓöÇbinop +- +,+
Γöé               Γö£ΓöÇΓöÇΓöÇid value
Γöé               Γö£ΓöÇΓöÇΓöÇid value
Γöé               ΓööΓöÇΓöÇΓöÇid value
Γö£ΓöÇΓöÇΓöÇfn sys__square -> i32
Γöé   Γö£ΓöÇΓöÇΓöÇparams
Γöé   Γöé   ΓööΓöÇΓöÇΓöÇparam i32 value
Γöé   ΓööΓöÇΓöÇΓöÇbody
Γöé       Γö£ΓöÇΓöÇΓöÇinit magnitude
Γöé       Γöé   Γö£ΓöÇΓöÇΓöÇtype i32
Γöé       Γöé   ΓööΓöÇΓöÇΓöÇvalue: call sys__abs(value)
Γöé       Γö£ΓöÇΓöÇΓöÇinit factor
Γöé       Γöé   Γö£ΓöÇΓöÇΓöÇtype i32
Γöé       Γöé   ΓööΓöÇΓöÇΓöÇvalue: id magnitude
Γöé       Γö£ΓöÇΓöÇΓöÇinit result
Γöé       Γöé   Γö£ΓöÇΓöÇΓöÇtype i32
Γöé       Γöé   ΓööΓöÇΓöÇΓöÇvalue: int 0
Γöé       Γö£ΓöÇΓöÇΓöÇwhile
Γöé       Γöé   Γö£ΓöÇΓöÇΓöÇcond: cmp >
Γöé       Γöé   Γöé   Γö£ΓöÇΓöÇΓöÇid factor
Γöé       Γöé   Γöé   ΓööΓöÇΓöÇΓöÇint 0
Γöé       Γöé   ΓööΓöÇΓöÇΓöÇbody
Γöé       Γöé       Γö£ΓöÇΓöÇΓöÇassign result
Γöé       Γöé       Γöé   ΓööΓöÇΓöÇΓöÇvalue: binop +- +
Γöé       Γöé       Γöé       Γö£ΓöÇΓöÇΓöÇid result
Γöé       Γöé       Γöé       ΓööΓöÇΓöÇΓöÇid magnitude
Γöé       Γöé       ΓööΓöÇΓöÇΓöÇassign factor
Γöé       Γöé           ΓööΓöÇΓöÇΓöÇvalue: binop +- -
Γöé       Γöé               Γö£ΓöÇΓöÇΓöÇid factor
Γöé       Γöé               ΓööΓöÇΓöÇΓöÇint 1
Γöé       ΓööΓöÇΓöÇΓöÇreturn
Γöé           ΓööΓöÇΓöÇΓöÇid result
Γö£ΓöÇΓöÇΓöÇfn sys__pow2 -> i32
Γöé   Γö£ΓöÇΓöÇΓöÇparams
Γöé   Γöé   ΓööΓöÇΓöÇΓöÇparam i32 exponent
Γöé   ΓööΓöÇΓöÇΓöÇbody
Γöé       Γö£ΓöÇΓöÇΓöÇinit remaining
Γöé       Γöé   Γö£ΓöÇΓöÇΓöÇtype i32
Γöé       Γöé   ΓööΓöÇΓöÇΓöÇvalue: id exponent
Γöé       Γö£ΓöÇΓöÇΓöÇinit value
Γöé       Γöé   Γö£ΓöÇΓöÇΓöÇtype i32
Γöé       Γöé   ΓööΓöÇΓöÇΓöÇvalue: int 1
Γöé       Γö£ΓöÇΓöÇΓöÇwhile
Γöé       Γöé   Γö£ΓöÇΓöÇΓöÇcond: cmp >
Γöé       Γöé   Γöé   Γö£ΓöÇΓöÇΓöÇid remaining
Γöé       Γöé   Γöé   ΓööΓöÇΓöÇΓöÇint 0
Γöé       Γöé   ΓööΓöÇΓöÇΓöÇbody
Γöé       Γöé       Γö£ΓöÇΓöÇΓöÇassign value
Γöé       Γöé       Γöé   ΓööΓöÇΓöÇΓöÇvalue: binop +- +
Γöé       Γöé       Γöé       Γö£ΓöÇΓöÇΓöÇid value
Γöé       Γöé       Γöé       ΓööΓöÇΓöÇΓöÇid value
Γöé       Γöé       ΓööΓöÇΓöÇΓöÇassign remaining
Γöé       Γöé           ΓööΓöÇΓöÇΓöÇvalue: binop +- -
Γöé       Γöé               Γö£ΓöÇΓöÇΓöÇid remaining
Γöé       Γöé               ΓööΓöÇΓöÇΓöÇint 1
Γöé       ΓööΓöÇΓöÇΓöÇreturn
Γöé           ΓööΓöÇΓöÇΓöÇid value
Γö£ΓöÇΓöÇΓöÇfn sys__triangular -> i32
Γöé   Γö£ΓöÇΓöÇΓöÇparams
Γöé   Γöé   ΓööΓöÇΓöÇΓöÇparam i32 limit
Γöé   ΓööΓöÇΓöÇΓöÇbody
Γöé       Γö£ΓöÇΓöÇΓöÇinit current
Γöé       Γöé   Γö£ΓöÇΓöÇΓöÇtype i32
Γöé       Γöé   ΓööΓöÇΓöÇΓöÇvalue: int 1
Γöé       Γö£ΓöÇΓöÇΓöÇinit total
Γöé       Γöé   Γö£ΓöÇΓöÇΓöÇtype i32
Γöé       Γöé   ΓööΓöÇΓöÇΓöÇvalue: int 0
Γöé       Γö£ΓöÇΓöÇΓöÇwhile
Γöé       Γöé   Γö£ΓöÇΓöÇΓöÇcond: cmp <=
Γöé       Γöé   Γöé   Γö£ΓöÇΓöÇΓöÇid current
Γöé       Γöé   Γöé   ΓööΓöÇΓöÇΓöÇid limit
Γöé       Γöé   ΓööΓöÇΓöÇΓöÇbody
Γöé       Γöé       Γö£ΓöÇΓöÇΓöÇassign total
Γöé       Γöé       Γöé   ΓööΓöÇΓöÇΓöÇvalue: binop +- +
Γöé       Γöé       Γöé       Γö£ΓöÇΓöÇΓöÇid total
Γöé       Γöé       Γöé       ΓööΓöÇΓöÇΓöÇid current
Γöé       Γöé       ΓööΓöÇΓöÇΓöÇassign current
Γöé       Γöé           ΓööΓöÇΓöÇΓöÇvalue: binop +- +
Γöé       Γöé               Γö£ΓöÇΓöÇΓöÇid current
Γöé       Γöé               ΓööΓöÇΓöÇΓöÇint 1
Γöé       ΓööΓöÇΓöÇΓöÇreturn
Γöé           ΓööΓöÇΓöÇΓöÇid total
Γö£ΓöÇΓöÇΓöÇfn sys__gcd -> i32
Γöé   Γö£ΓöÇΓöÇΓöÇparams
Γöé   Γöé   Γö£ΓöÇΓöÇΓöÇparam i32 left
Γöé   Γöé   ΓööΓöÇΓöÇΓöÇparam i32 right
Γöé   ΓööΓöÇΓöÇΓöÇbody
Γöé       Γö£ΓöÇΓöÇΓöÇinit a
Γöé       Γöé   Γö£ΓöÇΓöÇΓöÇtype i32
Γöé       Γöé   ΓööΓöÇΓöÇΓöÇvalue: call sys__abs(left)
Γöé       Γö£ΓöÇΓöÇΓöÇinit b
Γöé       Γöé   Γö£ΓöÇΓöÇΓöÇtype i32
Γöé       Γöé   ΓööΓöÇΓöÇΓöÇvalue: call sys__abs(right)
Γöé       Γö£ΓöÇΓöÇΓöÇif
Γöé       Γöé   Γö£ΓöÇΓöÇΓöÇcond: eq ==
Γöé       Γöé   Γöé   Γö£ΓöÇΓöÇΓöÇid a
Γöé       Γöé   Γöé   ΓööΓöÇΓöÇΓöÇint 0
Γöé       Γöé   ΓööΓöÇΓöÇΓöÇthen
Γöé       Γöé       ΓööΓöÇΓöÇΓöÇreturn
Γöé       Γöé           ΓööΓöÇΓöÇΓöÇid b
Γöé       Γö£ΓöÇΓöÇΓöÇif
Γöé       Γöé   Γö£ΓöÇΓöÇΓöÇcond: eq ==
Γöé       Γöé   Γöé   Γö£ΓöÇΓöÇΓöÇid b
Γöé       Γöé   Γöé   ΓööΓöÇΓöÇΓöÇint 0
Γöé       Γöé   ΓööΓöÇΓöÇΓöÇthen
Γöé       Γöé       ΓööΓöÇΓöÇΓöÇreturn
Γöé       Γöé           ΓööΓöÇΓöÇΓöÇid a
Γöé       Γö£ΓöÇΓöÇΓöÇwhile
Γöé       Γöé   Γö£ΓöÇΓöÇΓöÇcond: eq !=
Γöé       Γöé   Γöé   Γö£ΓöÇΓöÇΓöÇid a
Γöé       Γöé   Γöé   ΓööΓöÇΓöÇΓöÇid b
Γöé       Γöé   ΓööΓöÇΓöÇΓöÇbody
Γöé       Γöé       ΓööΓöÇΓöÇΓöÇif
Γöé       Γöé           Γö£ΓöÇΓöÇΓöÇcond: cmp >
Γöé       Γöé           Γöé   Γö£ΓöÇΓöÇΓöÇid a
Γöé       Γöé           Γöé   ΓööΓöÇΓöÇΓöÇid b
Γöé       Γöé           Γö£ΓöÇΓöÇΓöÇthen
Γöé       Γöé           Γöé   ΓööΓöÇΓöÇΓöÇassign a
Γöé       Γöé           Γöé       ΓööΓöÇΓöÇΓöÇvalue: binop +- -
Γöé       Γöé           Γöé           Γö£ΓöÇΓöÇΓöÇid a
Γöé       Γöé           Γöé           ΓööΓöÇΓöÇΓöÇid b
Γöé       Γöé           ΓööΓöÇΓöÇΓöÇelse
Γöé       Γöé               ΓööΓöÇΓöÇΓöÇassign b
Γöé       Γöé                   ΓööΓöÇΓöÇΓöÇvalue: binop +- -
Γöé       Γöé                       Γö£ΓöÇΓöÇΓöÇid b
Γöé       Γöé                       ΓööΓöÇΓöÇΓöÇid a
Γöé       ΓööΓöÇΓöÇΓöÇreturn
Γöé           ΓööΓöÇΓöÇΓöÇid a
Γö£ΓöÇΓöÇΓöÇfn sys__abs_f64 -> f64
Γöé   Γö£ΓöÇΓöÇΓöÇparams
Γöé   Γöé   ΓööΓöÇΓöÇΓöÇparam f64 value
Γöé   ΓööΓöÇΓöÇΓöÇbody
Γöé       ΓööΓöÇΓöÇΓöÇreturn
Γöé           ΓööΓöÇΓöÇΓöÇcall sys__native_abs_f64(value)
Γö£ΓöÇΓöÇΓöÇfn sys__ceil -> f64
Γöé   Γö£ΓöÇΓöÇΓöÇparams
Γöé   Γöé   ΓööΓöÇΓöÇΓöÇparam f64 value
Γöé   ΓööΓöÇΓöÇΓöÇbody
Γöé       ΓööΓöÇΓöÇΓöÇreturn
Γöé           ΓööΓöÇΓöÇΓöÇcall sys__native_ceil(value)
Γö£ΓöÇΓöÇΓöÇfn sys__floor -> f64
Γöé   Γö£ΓöÇΓöÇΓöÇparams
Γöé   Γöé   ΓööΓöÇΓöÇΓöÇparam f64 value
Γöé   ΓööΓöÇΓöÇΓöÇbody
Γöé       ΓööΓöÇΓöÇΓöÇreturn
Γöé           ΓööΓöÇΓöÇΓöÇcall sys__native_floor(value)
Γö£ΓöÇΓöÇΓöÇfn sys__round -> f64
Γöé   Γö£ΓöÇΓöÇΓöÇparams
Γöé   Γöé   ΓööΓöÇΓöÇΓöÇparam f64 value
Γöé   ΓööΓöÇΓöÇΓöÇbody
Γöé       ΓööΓöÇΓöÇΓöÇreturn
Γöé           ΓööΓöÇΓöÇΓöÇcall sys__native_round(value)
Γö£ΓöÇΓöÇΓöÇfn sys__trunc -> f64
Γöé   Γö£ΓöÇΓöÇΓöÇparams
Γöé   Γöé   ΓööΓöÇΓöÇΓöÇparam f64 value
Γöé   ΓööΓöÇΓöÇΓöÇbody
Γöé       ΓööΓöÇΓöÇΓöÇreturn
Γöé           ΓööΓöÇΓöÇΓöÇcall sys__native_trunc(value)
Γö£ΓöÇΓöÇΓöÇfn sys__sqrt -> f64
Γöé   Γö£ΓöÇΓöÇΓöÇparams
Γöé   Γöé   ΓööΓöÇΓöÇΓöÇparam f64 value
Γöé   ΓööΓöÇΓöÇΓöÇbody
Γöé       ΓööΓöÇΓöÇΓöÇreturn
Γöé           ΓööΓöÇΓöÇΓöÇcall sys__native_sqrt(value)
Γö£ΓöÇΓöÇΓöÇfn sys__cbrt -> f64
Γöé   Γö£ΓöÇΓöÇΓöÇparams
Γöé   Γöé   ΓööΓöÇΓöÇΓöÇparam f64 value
Γöé   ΓööΓöÇΓöÇΓöÇbody
Γöé       ΓööΓöÇΓöÇΓöÇreturn
Γöé           ΓööΓöÇΓöÇΓöÇcall sys__native_cbrt(value)
Γö£ΓöÇΓöÇΓöÇfn sys__hypot -> f64
Γöé   Γö£ΓöÇΓöÇΓöÇparams
Γöé   Γöé   Γö£ΓöÇΓöÇΓöÇparam f64 left
Γöé   Γöé   ΓööΓöÇΓöÇΓöÇparam f64 right
Γöé   ΓööΓöÇΓöÇΓöÇbody
Γöé       ΓööΓöÇΓöÇΓöÇreturn
Γöé           ΓööΓöÇΓöÇΓöÇcall sys__native_hypot(left, right)
Γö£ΓöÇΓöÇΓöÇfn sys__sin -> f64
Γöé   Γö£ΓöÇΓöÇΓöÇparams
Γöé   Γöé   ΓööΓöÇΓöÇΓöÇparam f64 value
Γöé   ΓööΓöÇΓöÇΓöÇbody
Γöé       ΓööΓöÇΓöÇΓöÇreturn
Γöé           ΓööΓöÇΓöÇΓöÇcall sys__native_sin(value)
Γö£ΓöÇΓöÇΓöÇfn sys__cos -> f64
Γöé   Γö£ΓöÇΓöÇΓöÇparams
Γöé   Γöé   ΓööΓöÇΓöÇΓöÇparam f64 value
Γöé   ΓööΓöÇΓöÇΓöÇbody
Γöé       ΓööΓöÇΓöÇΓöÇreturn
Γöé           ΓööΓöÇΓöÇΓöÇcall sys__native_cos(value)
Γö£ΓöÇΓöÇΓöÇfn sys__tan -> f64
Γöé   Γö£ΓöÇΓöÇΓöÇparams
Γöé   Γöé   ΓööΓöÇΓöÇΓöÇparam f64 value
Γöé   ΓööΓöÇΓöÇΓöÇbody
Γöé       ΓööΓöÇΓöÇΓöÇreturn
Γöé           ΓööΓöÇΓöÇΓöÇcall sys__native_tan(value)
Γö£ΓöÇΓöÇΓöÇfn sys__asin -> f64
Γöé   Γö£ΓöÇΓöÇΓöÇparams
Γöé   Γöé   ΓööΓöÇΓöÇΓöÇparam f64 value
Γöé   ΓööΓöÇΓöÇΓöÇbody
Γöé       ΓööΓöÇΓöÇΓöÇreturn
Γöé           ΓööΓöÇΓöÇΓöÇcall sys__native_asin(value)
Γö£ΓöÇΓöÇΓöÇfn sys__acos -> f64
Γöé   Γö£ΓöÇΓöÇΓöÇparams
Γöé   Γöé   ΓööΓöÇΓöÇΓöÇparam f64 value
Γöé   ΓööΓöÇΓöÇΓöÇbody
Γöé       ΓööΓöÇΓöÇΓöÇreturn
Γöé           ΓööΓöÇΓöÇΓöÇcall sys__native_acos(value)
Γö£ΓöÇΓöÇΓöÇfn sys__atan -> f64
Γöé   Γö£ΓöÇΓöÇΓöÇparams
Γöé   Γöé   ΓööΓöÇΓöÇΓöÇparam f64 value
Γöé   ΓööΓöÇΓöÇΓöÇbody
Γöé       ΓööΓöÇΓöÇΓöÇreturn
Γöé           ΓööΓöÇΓöÇΓöÇcall sys__native_atan(value)
Γö£ΓöÇΓöÇΓöÇfn sys__atan2 -> f64
Γöé   Γö£ΓöÇΓöÇΓöÇparams
Γöé   Γöé   Γö£ΓöÇΓöÇΓöÇparam f64 left
Γöé   Γöé   ΓööΓöÇΓöÇΓöÇparam f64 right
Γöé   ΓööΓöÇΓöÇΓöÇbody
Γöé       ΓööΓöÇΓöÇΓöÇreturn
Γöé           ΓööΓöÇΓöÇΓöÇcall sys__native_atan2(left, right)
Γö£ΓöÇΓöÇΓöÇfn sys__sinh -> f64
Γöé   Γö£ΓöÇΓöÇΓöÇparams
Γöé   Γöé   ΓööΓöÇΓöÇΓöÇparam f64 value
Γöé   ΓööΓöÇΓöÇΓöÇbody
Γöé       ΓööΓöÇΓöÇΓöÇreturn
Γöé           ΓööΓöÇΓöÇΓöÇcall sys__native_sinh(value)
Γö£ΓöÇΓöÇΓöÇfn sys__cosh -> f64
Γöé   Γö£ΓöÇΓöÇΓöÇparams
Γöé   Γöé   ΓööΓöÇΓöÇΓöÇparam f64 value
Γöé   ΓööΓöÇΓöÇΓöÇbody
Γöé       ΓööΓöÇΓöÇΓöÇreturn
Γöé           ΓööΓöÇΓöÇΓöÇcall sys__native_cosh(value)
Γö£ΓöÇΓöÇΓöÇfn sys__tanh -> f64
Γöé   Γö£ΓöÇΓöÇΓöÇparams
Γöé   Γöé   ΓööΓöÇΓöÇΓöÇparam f64 value
Γöé   ΓööΓöÇΓöÇΓöÇbody
Γöé       ΓööΓöÇΓöÇΓöÇreturn
Γöé           ΓööΓöÇΓöÇΓöÇcall sys__native_tanh(value)
Γö£ΓöÇΓöÇΓöÇfn sys__asinh -> f64
Γöé   Γö£ΓöÇΓöÇΓöÇparams
Γöé   Γöé   ΓööΓöÇΓöÇΓöÇparam f64 value
Γöé   ΓööΓöÇΓöÇΓöÇbody
Γöé       ΓööΓöÇΓöÇΓöÇreturn
Γöé           ΓööΓöÇΓöÇΓöÇcall sys__native_asinh(value)
Γö£ΓöÇΓöÇΓöÇfn sys__acosh -> f64
Γöé   Γö£ΓöÇΓöÇΓöÇparams
Γöé   Γöé   ΓööΓöÇΓöÇΓöÇparam f64 value
Γöé   ΓööΓöÇΓöÇΓöÇbody
Γöé       ΓööΓöÇΓöÇΓöÇreturn
Γöé           ΓööΓöÇΓöÇΓöÇcall sys__native_acosh(value)
Γö£ΓöÇΓöÇΓöÇfn sys__atanh -> f64
Γöé   Γö£ΓöÇΓöÇΓöÇparams
Γöé   Γöé   ΓööΓöÇΓöÇΓöÇparam f64 value
Γöé   ΓööΓöÇΓöÇΓöÇbody
Γöé       ΓööΓöÇΓöÇΓöÇreturn
Γöé           ΓööΓöÇΓöÇΓöÇcall sys__native_atanh(value)
Γö£ΓöÇΓöÇΓöÇfn sys__exp -> f64
Γöé   Γö£ΓöÇΓöÇΓöÇparams
Γöé   Γöé   ΓööΓöÇΓöÇΓöÇparam f64 value
Γöé   ΓööΓöÇΓöÇΓöÇbody
Γöé       ΓööΓöÇΓöÇΓöÇreturn
Γöé           ΓööΓöÇΓöÇΓöÇcall sys__native_exp(value)
Γö£ΓöÇΓöÇΓöÇfn sys__exp2 -> f64
Γöé   Γö£ΓöÇΓöÇΓöÇparams
Γöé   Γöé   ΓööΓöÇΓöÇΓöÇparam f64 value
Γöé   ΓööΓöÇΓöÇΓöÇbody
Γöé       ΓööΓöÇΓöÇΓöÇreturn
Γöé           ΓööΓöÇΓöÇΓöÇcall sys__native_exp2(value)
Γö£ΓöÇΓöÇΓöÇfn sys__expm1 -> f64
Γöé   Γö£ΓöÇΓöÇΓöÇparams
Γöé   Γöé   ΓööΓöÇΓöÇΓöÇparam f64 value
Γöé   ΓööΓöÇΓöÇΓöÇbody
Γöé       ΓööΓöÇΓöÇΓöÇreturn
Γöé           ΓööΓöÇΓöÇΓöÇcall sys__native_expm1(value)
Γö£ΓöÇΓöÇΓöÇfn sys__log -> f64
Γöé   Γö£ΓöÇΓöÇΓöÇparams
Γöé   Γöé   ΓööΓöÇΓöÇΓöÇparam f64 value
Γöé   ΓööΓöÇΓöÇΓöÇbody
Γöé       ΓööΓöÇΓöÇΓöÇreturn
Γöé           ΓööΓöÇΓöÇΓöÇcall sys__native_log(value)
Γö£ΓöÇΓöÇΓöÇfn sys__log2 -> f64
Γöé   Γö£ΓöÇΓöÇΓöÇparams
Γöé   Γöé   ΓööΓöÇΓöÇΓöÇparam f64 value
Γöé   ΓööΓöÇΓöÇΓöÇbody
Γöé       ΓööΓöÇΓöÇΓöÇreturn
Γöé           ΓööΓöÇΓöÇΓöÇcall sys__native_log2(value)
Γö£ΓöÇΓöÇΓöÇfn sys__log10 -> f64
Γöé   Γö£ΓöÇΓöÇΓöÇparams
Γöé   Γöé   ΓööΓöÇΓöÇΓöÇparam f64 value
Γöé   ΓööΓöÇΓöÇΓöÇbody
Γöé       ΓööΓöÇΓöÇΓöÇreturn
Γöé           ΓööΓöÇΓöÇΓöÇcall sys__native_log10(value)
Γö£ΓöÇΓöÇΓöÇfn sys__log1p -> f64
Γöé   Γö£ΓöÇΓöÇΓöÇparams
Γöé   Γöé   ΓööΓöÇΓöÇΓöÇparam f64 value
Γöé   ΓööΓöÇΓöÇΓöÇbody
Γöé       ΓööΓöÇΓöÇΓöÇreturn
Γöé           ΓööΓöÇΓöÇΓöÇcall sys__native_log1p(value)
Γö£ΓöÇΓöÇΓöÇfn sys__pow -> f64
Γöé   Γö£ΓöÇΓöÇΓöÇparams
Γöé   Γöé   Γö£ΓöÇΓöÇΓöÇparam f64 left
Γöé   Γöé   ΓööΓöÇΓöÇΓöÇparam f64 right
Γöé   ΓööΓöÇΓöÇΓöÇbody
Γöé       ΓööΓöÇΓöÇΓöÇreturn
Γöé           ΓööΓöÇΓöÇΓöÇcall sys__native_pow(left, right)
Γö£ΓöÇΓöÇΓöÇfn sys__fma -> f64
Γöé   Γö£ΓöÇΓöÇΓöÇparams
Γöé   Γöé   Γö£ΓöÇΓöÇΓöÇparam f64 x
Γöé   Γöé   Γö£ΓöÇΓöÇΓöÇparam f64 y
Γöé   Γöé   ΓööΓöÇΓöÇΓöÇparam f64 z
Γöé   ΓööΓöÇΓöÇΓöÇbody
Γöé       ΓööΓöÇΓöÇΓöÇreturn
Γöé           ΓööΓöÇΓöÇΓöÇcall sys__native_fma(x, y, z)
Γö£ΓöÇΓöÇΓöÇfn sys__copysign -> f64
Γöé   Γö£ΓöÇΓöÇΓöÇparams
Γöé   Γöé   Γö£ΓöÇΓöÇΓöÇparam f64 x
Γöé   Γöé   ΓööΓöÇΓöÇΓöÇparam f64 y
Γöé   ΓööΓöÇΓöÇΓöÇbody
Γöé       ΓööΓöÇΓöÇΓöÇreturn
Γöé           ΓööΓöÇΓöÇΓöÇcall sys__native_copysign(x, y)
Γö£ΓöÇΓöÇΓöÇfn sys__nextafter -> f64
Γöé   Γö£ΓöÇΓöÇΓöÇparams
Γöé   Γöé   Γö£ΓöÇΓöÇΓöÇparam f64 x
Γöé   Γöé   ΓööΓöÇΓöÇΓöÇparam f64 y
Γöé   ΓööΓöÇΓöÇΓöÇbody
Γöé       ΓööΓöÇΓöÇΓöÇreturn
Γöé           ΓööΓöÇΓöÇΓöÇcall sys__native_nextafter(x, y)
Γö£ΓöÇΓöÇΓöÇfn sys__ldexp -> f64
Γöé   Γö£ΓöÇΓöÇΓöÇparams
Γöé   Γöé   Γö£ΓöÇΓöÇΓöÇparam f64 value
Γöé   Γöé   ΓööΓöÇΓöÇΓöÇparam i32 exponent
Γöé   ΓööΓöÇΓöÇΓöÇbody
Γöé       ΓööΓöÇΓöÇΓöÇreturn
Γöé           ΓööΓöÇΓöÇΓöÇcall sys__native_ldexp(value, exponent)
Γö£ΓöÇΓöÇΓöÇfn sys__isnan -> i32
Γöé   Γö£ΓöÇΓöÇΓöÇparams
Γöé   Γöé   ΓööΓöÇΓöÇΓöÇparam f64 value
Γöé   ΓööΓöÇΓöÇΓöÇbody
Γöé       ΓööΓöÇΓöÇΓöÇreturn
Γöé           ΓööΓöÇΓöÇΓöÇcall sys__native_isnan(value)
Γö£ΓöÇΓöÇΓöÇfn sys__isinf -> i32
Γöé   Γö£ΓöÇΓöÇΓöÇparams
Γöé   Γöé   ΓööΓöÇΓöÇΓöÇparam f64 value
Γöé   ΓööΓöÇΓöÇΓöÇbody
Γöé       ΓööΓöÇΓöÇΓöÇreturn
Γöé           ΓööΓöÇΓöÇΓöÇcall sys__native_isinf(value)
Γö£ΓöÇΓöÇΓöÇfn sys__isfinite -> i32
Γöé   Γö£ΓöÇΓöÇΓöÇparams
Γöé   Γöé   ΓööΓöÇΓöÇΓöÇparam f64 value
Γöé   ΓööΓöÇΓöÇΓöÇbody
Γöé       ΓööΓöÇΓöÇΓöÇreturn
Γöé           ΓööΓöÇΓöÇΓöÇcall sys__native_isfinite(value)
Γö£ΓöÇΓöÇΓöÇfn sys__isnormal -> i32
Γöé   Γö£ΓöÇΓöÇΓöÇparams
Γöé   Γöé   ΓööΓöÇΓöÇΓöÇparam f64 value
Γöé   ΓööΓöÇΓöÇΓöÇbody
Γöé       ΓööΓöÇΓöÇΓöÇreturn
Γöé           ΓööΓöÇΓöÇΓöÇcall sys__native_isnormal(value)
Γö£ΓöÇΓöÇΓöÇfn sys__signum_f64 -> f64
Γöé   Γö£ΓöÇΓöÇΓöÇparams
Γöé   Γöé   ΓööΓöÇΓöÇΓöÇparam f64 value
Γöé   ΓööΓöÇΓöÇΓöÇbody
Γöé       ΓööΓöÇΓöÇΓöÇreturn
Γöé           ΓööΓöÇΓöÇΓöÇcall sys__native_signum_f64(value)
Γö£ΓöÇΓöÇΓöÇunsafe-block
Γö£ΓöÇΓöÇΓöÇfn sys__bit_and -> i32
Γöé   Γö£ΓöÇΓöÇΓöÇparams
Γöé   Γöé   Γö£ΓöÇΓöÇΓöÇparam i32 left
Γöé   Γöé   ΓööΓöÇΓöÇΓöÇparam i32 right
Γöé   ΓööΓöÇΓöÇΓöÇbody
Γöé       ΓööΓöÇΓöÇΓöÇreturn
Γöé           ΓööΓöÇΓöÇΓöÇbitand & &
Γöé               Γö£ΓöÇΓöÇΓöÇid left
Γöé               ΓööΓöÇΓöÇΓöÇid right
Γö£ΓöÇΓöÇΓöÇfn sys__bit_or -> i32
Γöé   Γö£ΓöÇΓöÇΓöÇparams
Γöé   Γöé   Γö£ΓöÇΓöÇΓöÇparam i32 left
Γöé   Γöé   ΓööΓöÇΓöÇΓöÇparam i32 right
Γöé   ΓööΓöÇΓöÇΓöÇbody
Γöé       ΓööΓöÇΓöÇΓöÇreturn
Γöé           ΓööΓöÇΓöÇΓöÇbitor | |
Γöé               Γö£ΓöÇΓöÇΓöÇid left
Γöé               ΓööΓöÇΓöÇΓöÇid right
Γö£ΓöÇΓöÇΓöÇfn sys__bit_xor -> i32
Γöé   Γö£ΓöÇΓöÇΓöÇparams
Γöé   Γöé   Γö£ΓöÇΓöÇΓöÇparam i32 left
Γöé   Γöé   ΓööΓöÇΓöÇΓöÇparam i32 right
Γöé   ΓööΓöÇΓöÇΓöÇbody
Γöé       ΓööΓöÇΓöÇΓöÇreturn
Γöé           ΓööΓöÇΓöÇΓöÇbitxor ^ ^
Γöé               Γö£ΓöÇΓöÇΓöÇid left
Γöé               ΓööΓöÇΓöÇΓöÇid right
Γö£ΓöÇΓöÇΓöÇfn sys__shl -> i32
Γöé   Γö£ΓöÇΓöÇΓöÇparams
Γöé   Γöé   Γö£ΓöÇΓöÇΓöÇparam i32 value
Γöé   Γöé   ΓööΓöÇΓöÇΓöÇparam i32 amount
Γöé   ΓööΓöÇΓöÇΓöÇbody
Γöé       ΓööΓöÇΓöÇΓöÇreturn
Γöé           ΓööΓöÇΓöÇΓöÇshift <<
Γöé               Γö£ΓöÇΓöÇΓöÇid value
Γöé               ΓööΓöÇΓöÇΓöÇid amount
Γö£ΓöÇΓöÇΓöÇfn sys__shr -> i32
Γöé   Γö£ΓöÇΓöÇΓöÇparams
Γöé   Γöé   Γö£ΓöÇΓöÇΓöÇparam i32 value
Γöé   Γöé   ΓööΓöÇΓöÇΓöÇparam i32 amount
Γöé   ΓööΓöÇΓöÇΓöÇbody
Γöé       ΓööΓöÇΓöÇΓöÇreturn
Γöé           ΓööΓöÇΓöÇΓöÇshift
Γöé               Γö£ΓöÇΓöÇΓöÇid value
Γöé               ΓööΓöÇΓöÇΓöÇid amount
Γö£ΓöÇΓöÇΓöÇfn sys__has_any -> i32
Γöé   Γö£ΓöÇΓöÇΓöÇparams
Γöé   Γöé   Γö£ΓöÇΓöÇΓöÇparam i32 value
Γöé   Γöé   ΓööΓöÇΓöÇΓöÇparam i32 mask
Γöé   ΓööΓöÇΓöÇΓöÇbody
Γöé       Γö£ΓöÇΓöÇΓöÇif
Γöé       Γöé   Γö£ΓöÇΓöÇΓöÇcond: eq !=
Γöé       Γöé   Γöé   Γö£ΓöÇΓöÇΓöÇparen
Γöé       Γöé   Γöé   Γöé   ΓööΓöÇΓöÇΓöÇbitand & &
Γöé       Γöé   Γöé   Γöé       Γö£ΓöÇΓöÇΓöÇid value
Γöé       Γöé   Γöé   Γöé       ΓööΓöÇΓöÇΓöÇid mask
Γöé       Γöé   Γöé   ΓööΓöÇΓöÇΓöÇint 0
Γöé       Γöé   ΓööΓöÇΓöÇΓöÇthen
Γöé       Γöé       ΓööΓöÇΓöÇΓöÇreturn
Γöé       Γöé           ΓööΓöÇΓöÇΓöÇint 1
Γöé       ΓööΓöÇΓöÇΓöÇreturn
Γöé           ΓööΓöÇΓöÇΓöÇint 0
Γö£ΓöÇΓöÇΓöÇfn sys__has_all -> i32
Γöé   Γö£ΓöÇΓöÇΓöÇparams
Γöé   Γöé   Γö£ΓöÇΓöÇΓöÇparam i32 value
Γöé   Γöé   ΓööΓöÇΓöÇΓöÇparam i32 mask
Γöé   ΓööΓöÇΓöÇΓöÇbody
Γöé       Γö£ΓöÇΓöÇΓöÇif
Γöé       Γöé   Γö£ΓöÇΓöÇΓöÇcond: eq ==
Γöé       Γöé   Γöé   Γö£ΓöÇΓöÇΓöÇparen
Γöé       Γöé   Γöé   Γöé   ΓööΓöÇΓöÇΓöÇbitand & &
Γöé       Γöé   Γöé   Γöé       Γö£ΓöÇΓöÇΓöÇid value
Γöé       Γöé   Γöé   Γöé       ΓööΓöÇΓöÇΓöÇid mask
Γöé       Γöé   Γöé   ΓööΓöÇΓöÇΓöÇid mask
Γöé       Γöé   ΓööΓöÇΓöÇΓöÇthen
Γöé       Γöé       ΓööΓöÇΓöÇΓöÇreturn
Γöé       Γöé           ΓööΓöÇΓöÇΓöÇint 1
Γöé       ΓööΓöÇΓöÇΓöÇreturn
Γöé           ΓööΓöÇΓöÇΓöÇint 0
Γö£ΓöÇΓöÇΓöÇfn sys__clz -> i32
Γöé   Γö£ΓöÇΓöÇΓöÇparams
Γöé   Γöé   ΓööΓöÇΓöÇΓöÇparam i32 value
Γöé   ΓööΓöÇΓöÇΓöÇbody
Γöé       ΓööΓöÇΓöÇΓöÇreturn
Γöé           ΓööΓöÇΓöÇΓöÇcall sys__native_clz(value)
Γö£ΓöÇΓöÇΓöÇfn sys__ctz -> i32
Γöé   Γö£ΓöÇΓöÇΓöÇparams
Γöé   Γöé   ΓööΓöÇΓöÇΓöÇparam i32 value
Γöé   ΓööΓöÇΓöÇΓöÇbody
Γöé       ΓööΓöÇΓöÇΓöÇreturn
Γöé           ΓööΓöÇΓöÇΓöÇcall sys__native_ctz(value)
Γö£ΓöÇΓöÇΓöÇfn sys__popcount -> i32
Γöé   Γö£ΓöÇΓöÇΓöÇparams
Γöé   Γöé   ΓööΓöÇΓöÇΓöÇparam i32 value
Γöé   ΓööΓöÇΓöÇΓöÇbody
Γöé       ΓööΓöÇΓöÇΓöÇreturn
Γöé           ΓööΓöÇΓöÇΓöÇcall sys__native_popcount(value)
Γö£ΓöÇΓöÇΓöÇfn sys__ffs -> i32
Γöé   Γö£ΓöÇΓöÇΓöÇparams
Γöé   Γöé   ΓööΓöÇΓöÇΓöÇparam i32 value
Γöé   ΓööΓöÇΓöÇΓöÇbody
Γöé       ΓööΓöÇΓöÇΓöÇreturn
Γöé           ΓööΓöÇΓöÇΓöÇcall sys__native_ffs(value)
Γö£ΓöÇΓöÇΓöÇfn sys__rotate_left -> i32
Γöé   Γö£ΓöÇΓöÇΓöÇparams
Γöé   Γöé   Γö£ΓöÇΓöÇΓöÇparam i32 value
Γöé   Γöé   ΓööΓöÇΓöÇΓöÇparam i32 amount
Γöé   ΓööΓöÇΓöÇΓöÇbody
Γöé       ΓööΓöÇΓöÇΓöÇreturn
Γöé           ΓööΓöÇΓöÇΓöÇcall sys__native_rotate_left(value, amount)
Γö£ΓöÇΓöÇΓöÇfn sys__rotate_right -> i32
Γöé   Γö£ΓöÇΓöÇΓöÇparams
Γöé   Γöé   Γö£ΓöÇΓöÇΓöÇparam i32 value
Γöé   Γöé   ΓööΓöÇΓöÇΓöÇparam i32 amount
Γöé   ΓööΓöÇΓöÇΓöÇbody
Γöé       ΓööΓöÇΓöÇΓöÇreturn
Γöé           ΓööΓöÇΓöÇΓöÇcall sys__native_rotate_right(value, amount)
Γö£ΓöÇΓöÇΓöÇfn sys__bswap -> i32
Γöé   Γö£ΓöÇΓöÇΓöÇparams
Γöé   Γöé   ΓööΓöÇΓöÇΓöÇparam i32 value
Γöé   ΓööΓöÇΓöÇΓöÇbody
Γöé       ΓööΓöÇΓöÇΓöÇreturn
Γöé           ΓööΓöÇΓöÇΓöÇcall sys__native_bswap(value)
Γö£ΓöÇΓöÇΓöÇunsafe-block
Γö£ΓöÇΓöÇΓöÇfn sys__empty -> str
Γöé   ΓööΓöÇΓöÇΓöÇbody
Γöé       ΓööΓöÇΓöÇΓöÇreturn
Γöé           ΓööΓöÇΓöÇΓöÇstring ""
Γö£ΓöÇΓöÇΓöÇfn sys__space -> str
Γöé   ΓööΓöÇΓöÇΓöÇbody
Γöé       ΓööΓöÇΓöÇΓöÇreturn
Γöé           ΓööΓöÇΓöÇΓöÇstring " "
Γö£ΓöÇΓöÇΓöÇfn sys__newline -> str
Γöé   ΓööΓöÇΓöÇΓöÇbody
Γöé       ΓööΓöÇΓöÇΓöÇreturn
Γöé           ΓööΓöÇΓöÇΓöÇstring "\n"
Γö£ΓöÇΓöÇΓöÇfn sys__tab -> str
Γöé   ΓööΓöÇΓöÇΓöÇbody
Γöé       ΓööΓöÇΓöÇΓöÇreturn
Γöé           ΓööΓöÇΓöÇΓöÇstring "\t"
Γö£ΓöÇΓöÇΓöÇfn sys__brackets -> str
Γöé   Γö£ΓöÇΓöÇΓöÇparams
Γöé   Γöé   ΓööΓöÇΓöÇΓöÇparam nconst str& value
Γöé   ΓööΓöÇΓöÇΓöÇbody
Γöé       ΓööΓöÇΓöÇΓöÇreturn
Γöé           ΓööΓöÇΓöÇΓöÇstring "[${value}]"
Γö£ΓöÇΓöÇΓöÇfn sys__parens -> str
Γöé   Γö£ΓöÇΓöÇΓöÇparams
Γöé   Γöé   ΓööΓöÇΓöÇΓöÇparam nconst str& value
Γöé   ΓööΓöÇΓöÇΓöÇbody
Γöé       ΓööΓöÇΓöÇΓöÇreturn
Γöé           ΓööΓöÇΓöÇΓöÇstring "(${value})"
Γö£ΓöÇΓöÇΓöÇfn sys__join_space -> str
Γöé   Γö£ΓöÇΓöÇΓöÇparams
Γöé   Γöé   Γö£ΓöÇΓöÇΓöÇparam nconst str& left
Γöé   Γöé   ΓööΓöÇΓöÇΓöÇparam nconst str& right
Γöé   ΓööΓöÇΓöÇΓöÇbody
Γöé       ΓööΓöÇΓöÇΓöÇreturn
Γöé           ΓööΓöÇΓöÇΓöÇstring "${left} ${right}"
Γö£ΓöÇΓöÇΓöÇfn sys__join_colon -> str
Γöé   Γö£ΓöÇΓöÇΓöÇparams
Γöé   Γöé   Γö£ΓöÇΓöÇΓöÇparam nconst str& left
Γöé   Γöé   ΓööΓöÇΓöÇΓöÇparam nconst str& right
Γöé   ΓööΓöÇΓöÇΓöÇbody
Γöé       ΓööΓöÇΓöÇΓöÇreturn
Γöé           ΓööΓöÇΓöÇΓöÇstring "${left}: ${right}"
Γö£ΓöÇΓöÇΓöÇfn sys__pair_i32 -> str
Γöé   Γö£ΓöÇΓöÇΓöÇparams
Γöé   Γöé   Γö£ΓöÇΓöÇΓöÇparam i32 left
Γöé   Γöé   ΓööΓöÇΓöÇΓöÇparam i32 right
Γöé   ΓööΓöÇΓöÇΓöÇbody
Γöé       ΓööΓöÇΓöÇΓöÇreturn
Γöé           ΓööΓöÇΓöÇΓöÇstring "${left}, ${right}"
Γö£ΓöÇΓöÇΓöÇfn sys__label_i32 -> str
Γöé   Γö£ΓöÇΓöÇΓöÇparams
Γöé   Γöé   Γö£ΓöÇΓöÇΓöÇparam nconst str& label
Γöé   Γöé   ΓööΓöÇΓöÇΓöÇparam i32 value
Γöé   ΓööΓöÇΓöÇΓöÇbody
Γöé       ΓööΓöÇΓöÇΓöÇreturn
Γöé           ΓööΓöÇΓöÇΓöÇstring "${label}: ${value}"
Γö£ΓöÇΓöÇΓöÇfn sys__status -> str
Γöé   Γö£ΓöÇΓöÇΓöÇparams
Γöé   Γöé   Γö£ΓöÇΓöÇΓöÇparam nconst str& label
Γöé   Γöé   ΓööΓöÇΓöÇΓöÇparam nconst str& value
Γöé   ΓööΓöÇΓöÇΓöÇbody
Γöé       ΓööΓöÇΓöÇΓöÇreturn
Γöé           ΓööΓöÇΓöÇΓöÇstring "${label}: ${value}"
Γö£ΓöÇΓöÇΓöÇfn sys__str_len -> i32
Γöé   Γö£ΓöÇΓöÇΓöÇparams
Γöé   Γöé   ΓööΓöÇΓöÇΓöÇparam nconst str& value
Γöé   ΓööΓöÇΓöÇΓöÇbody
Γöé       ΓööΓöÇΓöÇΓöÇreturn
Γöé           ΓööΓöÇΓöÇΓöÇcall sys__native_str_len(value)
Γö£ΓöÇΓöÇΓöÇfn sys__str_concat -> str
Γöé   Γö£ΓöÇΓöÇΓöÇparams
Γöé   Γöé   Γö£ΓöÇΓöÇΓöÇparam nconst str& left
Γöé   Γöé   ΓööΓöÇΓöÇΓöÇparam nconst str& right
Γöé   ΓööΓöÇΓöÇΓöÇbody
Γöé       ΓööΓöÇΓöÇΓöÇreturn
Γöé           ΓööΓöÇΓöÇΓöÇcall sys__native_str_concat(left, right)
Γö£ΓöÇΓöÇΓöÇfn sys__str_trim -> str
Γöé   Γö£ΓöÇΓöÇΓöÇparams
Γöé   Γöé   ΓööΓöÇΓöÇΓöÇparam nconst str& value
Γöé   ΓööΓöÇΓöÇΓöÇbody
Γöé       ΓööΓöÇΓöÇΓöÇreturn
Γöé           ΓööΓöÇΓöÇΓöÇcall sys__native_str_trim(value)
Γö£ΓöÇΓöÇΓöÇfn sys__str_trim_start -> str
Γöé   Γö£ΓöÇΓöÇΓöÇparams
Γöé   Γöé   ΓööΓöÇΓöÇΓöÇparam nconst str& value
Γöé   ΓööΓöÇΓöÇΓöÇbody
Γöé       ΓööΓöÇΓöÇΓöÇreturn
Γöé           ΓööΓöÇΓöÇΓöÇcall sys__native_str_trim_start(value)
Γö£ΓöÇΓöÇΓöÇfn sys__str_trim_end -> str
Γöé   Γö£ΓöÇΓöÇΓöÇparams
Γöé   Γöé   ΓööΓöÇΓöÇΓöÇparam nconst str& value
Γöé   ΓööΓöÇΓöÇΓöÇbody
Γöé       ΓööΓöÇΓöÇΓöÇreturn
Γöé           ΓööΓöÇΓöÇΓöÇcall sys__native_str_trim_end(value)
Γö£ΓöÇΓöÇΓöÇfn sys__str_lowercase -> str
Γöé   Γö£ΓöÇΓöÇΓöÇparams
Γöé   Γöé   ΓööΓöÇΓöÇΓöÇparam nconst str& value
Γöé   ΓööΓöÇΓöÇΓöÇbody
Γöé       ΓööΓöÇΓöÇΓöÇreturn
Γöé           ΓööΓöÇΓöÇΓöÇcall sys__native_str_lowercase(value)
Γö£ΓöÇΓöÇΓöÇfn sys__str_uppercase -> str
Γöé   Γö£ΓöÇΓöÇΓöÇparams
Γöé   Γöé   ΓööΓöÇΓöÇΓöÇparam nconst str& value
Γöé   ΓööΓöÇΓöÇΓöÇbody
Γöé       ΓööΓöÇΓöÇΓöÇreturn
Γöé           ΓööΓöÇΓöÇΓöÇcall sys__native_str_uppercase(value)
Γö£ΓöÇΓöÇΓöÇfn sys__str_titlecase -> str
Γöé   Γö£ΓöÇΓöÇΓöÇparams
Γöé   Γöé   ΓööΓöÇΓöÇΓöÇparam nconst str& value
Γöé   ΓööΓöÇΓöÇΓöÇbody
Γöé       ΓööΓöÇΓöÇΓöÇreturn
Γöé           ΓööΓöÇΓöÇΓöÇcall sys__native_str_titlecase(value)
Γö£ΓöÇΓöÇΓöÇfn sys__str_contains -> i32
Γöé   Γö£ΓöÇΓöÇΓöÇparams
Γöé   Γöé   Γö£ΓöÇΓöÇΓöÇparam nconst str& value
Γöé   Γöé   ΓööΓöÇΓöÇΓöÇparam nconst str& sub
Γöé   ΓööΓöÇΓöÇΓöÇbody
Γöé       ΓööΓöÇΓöÇΓöÇreturn
Γöé           ΓööΓöÇΓöÇΓöÇcall sys__native_str_contains(value, sub)
Γö£ΓöÇΓöÇΓöÇfn sys__str_starts_with -> i32
Γöé   Γö£ΓöÇΓöÇΓöÇparams
Γöé   Γöé   Γö£ΓöÇΓöÇΓöÇparam nconst str& value
Γöé   Γöé   ΓööΓöÇΓöÇΓöÇparam nconst str& prefix
Γöé   ΓööΓöÇΓöÇΓöÇbody
Γöé       ΓööΓöÇΓöÇΓöÇreturn
Γöé           ΓööΓöÇΓöÇΓöÇcall sys__native_str_starts_with(value, prefix)
Γö£ΓöÇΓöÇΓöÇfn sys__str_ends_with -> i32
Γöé   Γö£ΓöÇΓöÇΓöÇparams
Γöé   Γöé   Γö£ΓöÇΓöÇΓöÇparam nconst str& value
Γöé   Γöé   ΓööΓöÇΓöÇΓöÇparam nconst str& suffix
Γöé   ΓööΓöÇΓöÇΓöÇbody
Γöé       ΓööΓöÇΓöÇΓöÇreturn
Γöé           ΓööΓöÇΓöÇΓöÇcall sys__native_str_ends_with(value, suffix)
Γö£ΓöÇΓöÇΓöÇfn sys__str_find -> i32
Γöé   Γö£ΓöÇΓöÇΓöÇparams
Γöé   Γöé   Γö£ΓöÇΓöÇΓöÇparam nconst str& value
Γöé   Γöé   ΓööΓöÇΓöÇΓöÇparam nconst str& sub
Γöé   ΓööΓöÇΓöÇΓöÇbody
Γöé       ΓööΓöÇΓöÇΓöÇreturn
Γöé           ΓööΓöÇΓöÇΓöÇcall sys__native_str_find(value, sub)
Γö£ΓöÇΓöÇΓöÇfn sys__str_rfind -> i32
Γöé   Γö£ΓöÇΓöÇΓöÇparams
Γöé   Γöé   Γö£ΓöÇΓöÇΓöÇparam nconst str& value
Γöé   Γöé   ΓööΓöÇΓöÇΓöÇparam nconst str& sub
Γöé   ΓööΓöÇΓöÇΓöÇbody
Γöé       ΓööΓöÇΓöÇΓöÇreturn
Γöé           ΓööΓöÇΓöÇΓöÇcall sys__native_str_rfind(value, sub)
Γö£ΓöÇΓöÇΓöÇfn sys__str_replace -> str
Γöé   Γö£ΓöÇΓöÇΓöÇparams
Γöé   Γöé   Γö£ΓöÇΓöÇΓöÇparam nconst str& value
Γöé   Γöé   Γö£ΓöÇΓöÇΓöÇparam nconst str& old_text
Γöé   Γöé   ΓööΓöÇΓöÇΓöÇparam nconst str& new_text
Γöé   ΓööΓöÇΓöÇΓöÇbody
Γöé       ΓööΓöÇΓöÇΓöÇreturn
Γöé           ΓööΓöÇΓöÇΓöÇcall sys__native_str_replace(value, old_text, new_text)
Γö£ΓöÇΓöÇΓöÇfn sys__str_replace_n -> str
Γöé   Γö£ΓöÇΓöÇΓöÇparams
Γöé   Γöé   Γö£ΓöÇΓöÇΓöÇparam nconst str& value
Γöé   Γöé   Γö£ΓöÇΓöÇΓöÇparam nconst str& old_text
Γöé   Γöé   Γö£ΓöÇΓöÇΓöÇparam nconst str& new_text
Γöé   Γöé   ΓööΓöÇΓöÇΓöÇparam i32 count
Γöé   ΓööΓöÇΓöÇΓöÇbody
Γöé       ΓööΓöÇΓöÇΓöÇreturn
Γöé           ΓööΓöÇΓöÇΓöÇcall sys__native_str_replace_n(value, old_text, new_text, count)
Γö£ΓöÇΓöÇΓöÇfn sys__str_reverse -> str
Γöé   Γö£ΓöÇΓöÇΓöÇparams
Γöé   Γöé   ΓööΓöÇΓöÇΓöÇparam nconst str& value
Γöé   ΓööΓöÇΓöÇΓöÇbody
Γöé       ΓööΓöÇΓöÇΓöÇreturn
Γöé           ΓööΓöÇΓöÇΓöÇcall sys__native_str_reverse(value)
Γö£ΓöÇΓöÇΓöÇfn sys__str_repeat -> str
Γöé   Γö£ΓöÇΓöÇΓöÇparams
Γöé   Γöé   Γö£ΓöÇΓöÇΓöÇparam nconst str& value
Γöé   Γöé   ΓööΓöÇΓöÇΓöÇparam i32 count
Γöé   ΓööΓöÇΓöÇΓöÇbody
Γöé       ΓööΓöÇΓöÇΓöÇreturn
Γöé           ΓööΓöÇΓöÇΓöÇcall sys__native_str_repeat(value, count)
Γö£ΓöÇΓöÇΓöÇfn sys__str_pad_left -> str
Γöé   Γö£ΓöÇΓöÇΓöÇparams
Γöé   Γöé   Γö£ΓöÇΓöÇΓöÇparam nconst str& value
Γöé   Γöé   Γö£ΓöÇΓöÇΓöÇparam i32 target_len
Γöé   Γöé   ΓööΓöÇΓöÇΓöÇparam nconst str& fill
Γöé   ΓööΓöÇΓöÇΓöÇbody
Γöé       ΓööΓöÇΓöÇΓöÇreturn
Γöé           ΓööΓöÇΓöÇΓöÇcall sys__native_str_pad_left(value, target_len, fill)
Γö£ΓöÇΓöÇΓöÇfn sys__str_pad_right -> str
Γöé   Γö£ΓöÇΓöÇΓöÇparams
Γöé   Γöé   Γö£ΓöÇΓöÇΓöÇparam nconst str& value
Γöé   Γöé   Γö£ΓöÇΓöÇΓöÇparam i32 target_len
Γöé   Γöé   ΓööΓöÇΓöÇΓöÇparam nconst str& fill
Γöé   ΓööΓöÇΓöÇΓöÇbody
Γöé       ΓööΓöÇΓöÇΓöÇreturn
Γöé           ΓööΓöÇΓöÇΓöÇcall sys__native_str_pad_right(value, target_len, fill)
Γö£ΓöÇΓöÇΓöÇfn sys__str_substring -> str
Γöé   Γö£ΓöÇΓöÇΓöÇparams
Γöé   Γöé   Γö£ΓöÇΓöÇΓöÇparam nconst str& value
Γöé   Γöé   Γö£ΓöÇΓöÇΓöÇparam i32 start
Γöé   Γöé   ΓööΓöÇΓöÇΓöÇparam i32 len
Γöé   ΓööΓöÇΓöÇΓöÇbody
Γöé       ΓööΓöÇΓöÇΓöÇreturn
Γöé           ΓööΓöÇΓöÇΓöÇcall sys__native_str_substring(value, start, len)
Γö£ΓöÇΓöÇΓöÇfn sys__str_cmp -> i32
Γöé   Γö£ΓöÇΓöÇΓöÇparams
Γöé   Γöé   Γö£ΓöÇΓöÇΓöÇparam nconst str& left
Γöé   Γöé   ΓööΓöÇΓöÇΓöÇparam nconst str& right
Γöé   ΓööΓöÇΓöÇΓöÇbody
Γöé       ΓööΓöÇΓöÇΓöÇreturn
Γöé           ΓööΓöÇΓöÇΓöÇcall sys__native_str_cmp(left, right)
Γö£ΓöÇΓöÇΓöÇfn sys__str_casecmp -> i32
Γöé   Γö£ΓöÇΓöÇΓöÇparams
Γöé   Γöé   Γö£ΓöÇΓöÇΓöÇparam nconst str& left
Γöé   Γöé   ΓööΓöÇΓöÇΓöÇparam nconst str& right
Γöé   ΓööΓöÇΓöÇΓöÇbody
Γöé       ΓööΓöÇΓöÇΓöÇreturn
Γöé           ΓööΓöÇΓöÇΓöÇcall sys__native_str_casecmp(left, right)
Γö£ΓöÇΓöÇΓöÇfn sys__str_split -> vector
Γöé   Γö£ΓöÇΓöÇΓöÇparams
Γöé   Γöé   Γö£ΓöÇΓöÇΓöÇparam nconst str& value
Γöé   Γöé   ΓööΓöÇΓöÇΓöÇparam nconst str& delimiter
Γöé   ΓööΓöÇΓöÇΓöÇbody
Γöé       ΓööΓöÇΓöÇΓöÇreturn
Γöé           ΓööΓöÇΓöÇΓöÇcall sys__native_str_split(value, delimiter)
Γö£ΓöÇΓöÇΓöÇfn sys__str_split_n -> vector
Γöé   Γö£ΓöÇΓöÇΓöÇparams
Γöé   Γöé   Γö£ΓöÇΓöÇΓöÇparam nconst str& value
Γöé   Γöé   Γö£ΓöÇΓöÇΓöÇparam nconst str& delimiter
Γöé   Γöé   ΓööΓöÇΓöÇΓöÇparam i32 max_parts
Γöé   ΓööΓöÇΓöÇΓöÇbody
Γöé       ΓööΓöÇΓöÇΓöÇreturn
Γöé           ΓööΓöÇΓöÇΓöÇcall sys__native_str_split_n(value, delimiter, max_parts)
Γö£ΓöÇΓöÇΓöÇfn sys__str_split_lines -> vector
Γöé   Γö£ΓöÇΓöÇΓöÇparams
Γöé   Γöé   ΓööΓöÇΓöÇΓöÇparam nconst str& value
Γöé   ΓööΓöÇΓöÇΓöÇbody
Γöé       ΓööΓöÇΓöÇΓöÇreturn
Γöé           ΓööΓöÇΓöÇΓöÇcall sys__native_str_split_lines(value)
Γö£ΓöÇΓöÇΓöÇfn sys__parse_int -> long
Γöé   Γö£ΓöÇΓöÇΓöÇparams
Γöé   Γöé   Γö£ΓöÇΓöÇΓöÇparam nconst str& value
Γöé   Γöé   ΓööΓöÇΓöÇΓöÇparam i32 base
Γöé   ΓööΓöÇΓöÇΓöÇbody
Γöé       ΓööΓöÇΓöÇΓöÇreturn
Γöé           ΓööΓöÇΓöÇΓöÇcall sys__native_parse_int(value, base)
Γö£ΓöÇΓöÇΓöÇfn sys__parse_bool -> i32
Γöé   Γö£ΓöÇΓöÇΓöÇparams
Γöé   Γöé   ΓööΓöÇΓöÇΓöÇparam nconst str& value
Γöé   ΓööΓöÇΓöÇΓöÇbody
Γöé       ΓööΓöÇΓöÇΓöÇreturn
Γöé           ΓööΓöÇΓöÇΓöÇcall sys__native_parse_bool(value)
Γö£ΓöÇΓöÇΓöÇfn sys__parse_float -> f64
Γöé   Γö£ΓöÇΓöÇΓöÇparams
Γöé   Γöé   ΓööΓöÇΓöÇΓöÇparam nconst str& value
Γöé   ΓööΓöÇΓöÇΓöÇbody
Γöé       ΓööΓöÇΓöÇΓöÇreturn
Γöé           ΓööΓöÇΓöÇΓöÇcall sys__native_parse_float(value)
Γö£ΓöÇΓöÇΓöÇfn sys__is_alpha -> i32
Γöé   Γö£ΓöÇΓöÇΓöÇparams
Γöé   Γöé   ΓööΓöÇΓöÇΓöÇparam nconst str& value
Γöé   ΓööΓöÇΓöÇΓöÇbody
Γöé       ΓööΓöÇΓöÇΓöÇreturn
Γöé           ΓööΓöÇΓöÇΓöÇcall sys__native_is_alpha(value)
Γö£ΓöÇΓöÇΓöÇfn sys__is_digit -> i32
Γöé   Γö£ΓöÇΓöÇΓöÇparams
Γöé   Γöé   ΓööΓöÇΓöÇΓöÇparam nconst str& value
Γöé   ΓööΓöÇΓöÇΓöÇbody
Γöé       ΓööΓöÇΓöÇΓöÇreturn
Γöé           ΓööΓöÇΓöÇΓöÇcall sys__native_is_digit(value)
Γö£ΓöÇΓöÇΓöÇfn sys__is_alnum -> i32
Γöé   Γö£ΓöÇΓöÇΓöÇparams
Γöé   Γöé   ΓööΓöÇΓöÇΓöÇparam nconst str& value
Γöé   ΓööΓöÇΓöÇΓöÇbody
Γöé       ΓööΓöÇΓöÇΓöÇreturn
Γöé           ΓööΓöÇΓöÇΓöÇcall sys__native_is_alnum(value)
Γö£ΓöÇΓöÇΓöÇfn sys__is_whitespace -> i32
Γöé   Γö£ΓöÇΓöÇΓöÇparams
Γöé   Γöé   ΓööΓöÇΓöÇΓöÇparam nconst str& value
Γöé   ΓööΓöÇΓöÇΓöÇbody
Γöé       ΓööΓöÇΓöÇΓöÇreturn
Γöé           ΓööΓöÇΓöÇΓöÇcall sys__native_is_whitespace(value)
Γö£ΓöÇΓöÇΓöÇfn sys__is_control -> i32
Γöé   Γö£ΓöÇΓöÇΓöÇparams
Γöé   Γöé   ΓööΓöÇΓöÇΓöÇparam nconst str& value
Γöé   ΓööΓöÇΓöÇΓöÇbody
Γöé       ΓööΓöÇΓöÇΓöÇreturn
Γöé           ΓööΓöÇΓöÇΓöÇcall sys__native_is_control(value)
Γö£ΓöÇΓöÇΓöÇfn sys__is_punctuation -> i32
Γöé   Γö£ΓöÇΓöÇΓöÇparams
Γöé   Γöé   ΓööΓöÇΓöÇΓöÇparam nconst str& value
Γöé   ΓööΓöÇΓöÇΓöÇbody
Γöé       ΓööΓöÇΓöÇΓöÇreturn
Γöé           ΓööΓöÇΓöÇΓöÇcall sys__native_is_punctuation(value)
Γö£ΓöÇΓöÇΓöÇfn sys__is_graph -> i32
Γöé   Γö£ΓöÇΓöÇΓöÇparams
Γöé   Γöé   ΓööΓöÇΓöÇΓöÇparam nconst str& value
Γöé   ΓööΓöÇΓöÇΓöÇbody
Γöé       ΓööΓöÇΓöÇΓöÇreturn
Γöé           ΓööΓöÇΓöÇΓöÇcall sys__native_is_graph(value)
Γö£ΓöÇΓöÇΓöÇfn sys__is_print -> i32
Γöé   Γö£ΓöÇΓöÇΓöÇparams
Γöé   Γöé   ΓööΓöÇΓöÇΓöÇparam nconst str& value
Γöé   ΓööΓöÇΓöÇΓöÇbody
Γöé       ΓööΓöÇΓöÇΓöÇreturn
Γöé           ΓööΓöÇΓöÇΓöÇcall sys__native_is_print(value)
Γö£ΓöÇΓöÇΓöÇfn sys__is_hex_digit -> i32
Γöé   Γö£ΓöÇΓöÇΓöÇparams
Γöé   Γöé   ΓööΓöÇΓöÇΓöÇparam nconst str& value
Γöé   ΓööΓöÇΓöÇΓöÇbody
Γöé       ΓööΓöÇΓöÇΓöÇreturn
Γöé           ΓööΓöÇΓöÇΓöÇcall sys__native_is_hex_digit(value)
Γö£ΓöÇΓöÇΓöÇfn sys__is_ascii -> i32
Γöé   Γö£ΓöÇΓöÇΓöÇparams
Γöé   Γöé   ΓööΓöÇΓöÇΓöÇparam nconst str& value
Γöé   ΓööΓöÇΓöÇΓöÇbody
Γöé       ΓööΓöÇΓöÇΓöÇreturn
Γöé           ΓööΓöÇΓöÇΓöÇcall sys__native_is_ascii(value)
Γö£ΓöÇΓöÇΓöÇunsafe-block
Γö£ΓöÇΓöÇΓöÇfn sys__puts -> void
Γöé   Γö£ΓöÇΓöÇΓöÇparams
Γöé   Γöé   ΓööΓöÇΓöÇΓöÇparam nconst str& value
Γöé   ΓööΓöÇΓöÇΓöÇbody
Γöé       ΓööΓöÇΓöÇΓöÇprint
Γöé           ΓööΓöÇΓöÇΓöÇid value
Γö£ΓöÇΓöÇΓöÇfn sys__echo_str -> void
Γöé   Γö£ΓöÇΓöÇΓöÇparams
Γöé   Γöé   ΓööΓöÇΓöÇΓöÇparam nconst str& value
Γöé   ΓööΓöÇΓöÇΓöÇbody
Γöé       ΓööΓöÇΓöÇΓöÇprint
Γöé           ΓööΓöÇΓöÇΓöÇid value
Γö£ΓöÇΓöÇΓöÇfn sys__echo_i32 -> void
Γöé   Γö£ΓöÇΓöÇΓöÇparams
Γöé   Γöé   ΓööΓöÇΓöÇΓöÇparam i32 value
Γöé   ΓööΓöÇΓöÇΓöÇbody
Γöé       ΓööΓöÇΓöÇΓöÇprint
Γöé           ΓööΓöÇΓöÇΓöÇid value
Γö£ΓöÇΓöÇΓöÇfn sys__echo_pair -> void
Γöé   Γö£ΓöÇΓöÇΓöÇparams
Γöé   Γöé   Γö£ΓöÇΓöÇΓöÇparam nconst str& label
Γöé   Γöé   ΓööΓöÇΓöÇΓöÇparam i32 value
Γöé   ΓööΓöÇΓöÇΓöÇbody
Γöé       ΓööΓöÇΓöÇΓöÇprint
Γöé           ΓööΓöÇΓöÇΓöÇcall sys__label_i32(label, value)
Γö£ΓöÇΓöÇΓöÇfn sys__banner -> void
Γöé   Γö£ΓöÇΓöÇΓöÇparams
Γöé   Γöé   ΓööΓöÇΓöÇΓöÇparam nconst str& label
Γöé   ΓööΓöÇΓöÇΓöÇbody
Γöé       ΓööΓöÇΓöÇΓöÇprint
Γöé           ΓööΓöÇΓöÇΓöÇcall sys__brackets(label)
Γö£ΓöÇΓöÇΓöÇfn sys__divider -> void
Γöé   Γö£ΓöÇΓöÇΓöÇparams
Γöé   Γöé   ΓööΓöÇΓöÇΓöÇparam nconst str& label
Γöé   ΓööΓöÇΓöÇΓöÇbody
Γöé       ΓööΓöÇΓöÇΓöÇprint
Γöé           ΓööΓöÇΓöÇΓöÇstring "==== ${label} ===="
Γö£ΓöÇΓöÇΓöÇfn sys__debug_bool -> void
Γöé   Γö£ΓöÇΓöÇΓöÇparams
Γöé   Γöé   Γö£ΓöÇΓöÇΓöÇparam nconst str& label
Γöé   Γöé   ΓööΓöÇΓöÇΓöÇparam i32 value
Γöé   ΓööΓöÇΓöÇΓöÇbody
Γöé       ΓööΓöÇΓöÇΓöÇprint
Γöé           ΓööΓöÇΓöÇΓöÇcall sys__label_i32(label, sys__boolify(value))
Γö£ΓöÇΓöÇΓöÇfn sys__blank -> void
Γöé   ΓööΓöÇΓöÇΓöÇbody
Γöé       ΓööΓöÇΓöÇΓöÇprint
Γöé           ΓööΓöÇΓöÇΓöÇstring ""
Γö£ΓöÇΓöÇΓöÇfn sys__term_print_raw -> void
Γöé   Γö£ΓöÇΓöÇΓöÇparams
Γöé   Γöé   ΓööΓöÇΓöÇΓöÇparam nconst str& value
Γöé   ΓööΓöÇΓöÇΓöÇbody
Γöé       ΓööΓöÇΓöÇΓöÇcall sys__native_term_print_raw(value)
Γö£ΓöÇΓöÇΓöÇfn sys__term_println_raw -> void
Γöé   Γö£ΓöÇΓöÇΓöÇparams
Γöé   Γöé   ΓööΓöÇΓöÇΓöÇparam nconst str& value
Γöé   ΓööΓöÇΓöÇΓöÇbody
Γöé       ΓööΓöÇΓöÇΓöÇcall sys__native_term_println_raw(value)
Γö£ΓöÇΓöÇΓöÇfn sys__term_read_line -> str
Γöé   ΓööΓöÇΓöÇΓöÇbody
Γöé       ΓööΓöÇΓöÇΓöÇreturn
Γöé           ΓööΓöÇΓöÇΓöÇcall sys__native_term_read_line()
Γö£ΓöÇΓöÇΓöÇfn sys__term_is_tty -> i32
Γöé   ΓööΓöÇΓöÇΓöÇbody
Γöé       ΓööΓöÇΓöÇΓöÇreturn
Γöé           ΓööΓöÇΓöÇΓöÇcall sys__native_term_is_tty()
Γö£ΓöÇΓöÇΓöÇfn sys__term_columns -> i32
Γöé   ΓööΓöÇΓöÇΓöÇbody
Γöé       ΓööΓöÇΓöÇΓöÇreturn
Γöé           ΓööΓöÇΓöÇΓöÇcall sys__native_term_columns()
Γö£ΓöÇΓöÇΓöÇfn sys__term_rows -> i32
Γöé   ΓööΓöÇΓöÇΓöÇbody
Γöé       ΓööΓöÇΓöÇΓöÇreturn
Γöé           ΓööΓöÇΓöÇΓöÇcall sys__native_term_rows()
Γö£ΓöÇΓöÇΓöÇfn sys__term_clear -> void
Γöé   ΓööΓöÇΓöÇΓöÇbody
Γöé       ΓööΓöÇΓöÇΓöÇcall sys__native_term_clear()
Γö£ΓöÇΓöÇΓöÇfn sys__term_set_cursor -> void
Γöé   Γö£ΓöÇΓöÇΓöÇparams
Γöé   Γöé   Γö£ΓöÇΓöÇΓöÇparam i32 column
Γöé   Γöé   ΓööΓöÇΓöÇΓöÇparam i32 row
Γöé   ΓööΓöÇΓöÇΓöÇbody
Γöé       ΓööΓöÇΓöÇΓöÇcall sys__native_term_set_cursor(column, row)
Γö£ΓöÇΓöÇΓöÇfn sys__term_show_cursor -> void
Γöé   ΓööΓöÇΓöÇΓöÇbody
Γöé       ΓööΓöÇΓöÇΓöÇcall sys__native_term_show_cursor()
Γö£ΓöÇΓöÇΓöÇfn sys__term_hide_cursor -> void
Γöé   ΓööΓöÇΓöÇΓöÇbody
Γöé       ΓööΓöÇΓöÇΓöÇcall sys__native_term_hide_cursor()
Γö£ΓöÇΓöÇΓöÇfn sys__term_set_color_fg -> void
Γöé   Γö£ΓöÇΓöÇΓöÇparams
Γöé   Γöé   ΓööΓöÇΓöÇΓöÇparam i32 color
Γöé   ΓööΓöÇΓöÇΓöÇbody
Γöé       ΓööΓöÇΓöÇΓöÇcall sys__native_term_set_color_fg(color)
Γö£ΓöÇΓöÇΓöÇfn sys__term_set_color_bg -> void
Γöé   Γö£ΓöÇΓöÇΓöÇparams
Γöé   Γöé   ΓööΓöÇΓöÇΓöÇparam i32 color
Γöé   ΓööΓöÇΓöÇΓöÇbody
Γöé       ΓööΓöÇΓöÇΓöÇcall sys__native_term_set_color_bg(color)
Γö£ΓöÇΓöÇΓöÇfn sys__term_set_style -> void
Γöé   Γö£ΓöÇΓöÇΓöÇparams
Γöé   Γöé   ΓööΓöÇΓöÇΓöÇparam nconst str& style
Γöé   ΓööΓöÇΓöÇΓöÇbody
Γöé       ΓööΓöÇΓöÇΓöÇcall sys__native_term_set_style(style)
Γö£ΓöÇΓöÇΓöÇfn sys__term_reset -> void
Γöé   ΓööΓöÇΓöÇΓöÇbody
Γöé       ΓööΓöÇΓöÇΓöÇcall sys__native_term_reset()
Γö£ΓöÇΓöÇΓöÇfn sys__log_info -> void
Γöé   Γö£ΓöÇΓöÇΓöÇparams
Γöé   Γöé   ΓööΓöÇΓöÇΓöÇparam nconst str& value
Γöé   ΓööΓöÇΓöÇΓöÇbody
Γöé       ΓööΓöÇΓöÇΓöÇcall sys__native_log_info(value)
Γö£ΓöÇΓöÇΓöÇfn sys__log_warn -> void
Γöé   Γö£ΓöÇΓöÇΓöÇparams
Γöé   Γöé   ΓööΓöÇΓöÇΓöÇparam nconst str& value
Γöé   ΓööΓöÇΓöÇΓöÇbody
Γöé       ΓööΓöÇΓöÇΓöÇcall sys__native_log_warn(value)
Γö£ΓöÇΓöÇΓöÇfn sys__log_error -> void
Γöé   Γö£ΓöÇΓöÇΓöÇparams
Γöé   Γöé   ΓööΓöÇΓöÇΓöÇparam nconst str& value
Γöé   ΓööΓöÇΓöÇΓöÇbody
Γöé       ΓööΓöÇΓöÇΓöÇcall sys__native_log_error(value)
Γö£ΓöÇΓöÇΓöÇfn sys__log_debug -> void
Γöé   Γö£ΓöÇΓöÇΓöÇparams
Γöé   Γöé   ΓööΓöÇΓöÇΓöÇparam nconst str& value
Γöé   ΓööΓöÇΓöÇΓöÇbody
Γöé       ΓööΓöÇΓöÇΓöÇcall sys__native_log_debug(value)
Γö£ΓöÇΓöÇΓöÇfn sys__log_trace -> void
Γöé   Γö£ΓöÇΓöÇΓöÇparams
Γöé   Γöé   ΓööΓöÇΓöÇΓöÇparam nconst str& value
Γöé   ΓööΓöÇΓöÇΓöÇbody
Γöé       ΓööΓöÇΓöÇΓöÇcall sys__native_log_trace(value)
Γö£ΓöÇΓöÇΓöÇunsafe-block
Γö£ΓöÇΓöÇΓöÇfn sys__count_up -> i32
Γöé   Γö£ΓöÇΓöÇΓöÇparams
Γöé   Γöé   Γö£ΓöÇΓöÇΓöÇparam i32 start
Γöé   Γöé   ΓööΓöÇΓöÇΓöÇparam i32 stop
Γöé   ΓööΓöÇΓöÇΓöÇbody
Γöé       Γö£ΓöÇΓöÇΓöÇinit count
Γöé       Γöé   Γö£ΓöÇΓöÇΓöÇtype i32
Γöé       Γöé   ΓööΓöÇΓöÇΓöÇvalue: int 0
Γöé       Γö£ΓöÇΓöÇΓöÇinit current
Γöé       Γöé   Γö£ΓöÇΓöÇΓöÇtype i32
Γöé       Γöé   ΓööΓöÇΓöÇΓöÇvalue: id start
Γöé       Γö£ΓöÇΓöÇΓöÇwhile
Γöé       Γöé   Γö£ΓöÇΓöÇΓöÇcond: cmp <
Γöé       Γöé   Γöé   Γö£ΓöÇΓöÇΓöÇid current
Γöé       Γöé   Γöé   ΓööΓöÇΓöÇΓöÇid stop
Γöé       Γöé   ΓööΓöÇΓöÇΓöÇbody
Γöé       Γöé       Γö£ΓöÇΓöÇΓöÇassign count
Γöé       Γöé       Γöé   ΓööΓöÇΓöÇΓöÇvalue: binop +- +
Γöé       Γöé       Γöé       Γö£ΓöÇΓöÇΓöÇid count
Γöé       Γöé       Γöé       ΓööΓöÇΓöÇΓöÇint 1
Γöé       Γöé       ΓööΓöÇΓöÇΓöÇassign current
Γöé       Γöé           ΓööΓöÇΓöÇΓöÇvalue: binop +- +
Γöé       Γöé               Γö£ΓöÇΓöÇΓöÇid current
Γöé       Γöé               ΓööΓöÇΓöÇΓöÇint 1
Γöé       ΓööΓöÇΓöÇΓöÇreturn
Γöé           ΓööΓöÇΓöÇΓöÇid count
Γö£ΓöÇΓöÇΓöÇfn sys__sum_range -> i32
Γöé   Γö£ΓöÇΓöÇΓöÇparams
Γöé   Γöé   Γö£ΓöÇΓöÇΓöÇparam i32 start
Γöé   Γöé   ΓööΓöÇΓöÇΓöÇparam i32 stop
Γöé   ΓööΓöÇΓöÇΓöÇbody
Γöé       Γö£ΓöÇΓöÇΓöÇif
Γöé       Γöé   Γö£ΓöÇΓöÇΓöÇcond: cmp >
Γöé       Γöé   Γöé   Γö£ΓöÇΓöÇΓöÇid start
Γöé       Γöé   Γöé   ΓööΓöÇΓöÇΓöÇid stop
Γöé       Γöé   ΓööΓöÇΓöÇΓöÇthen
Γöé       Γöé       ΓööΓöÇΓöÇΓöÇreturn
Γöé       Γöé           ΓööΓöÇΓöÇΓöÇint 0
Γöé       Γö£ΓöÇΓöÇΓöÇinit current
Γöé       Γöé   Γö£ΓöÇΓöÇΓöÇtype i32
Γöé       Γöé   ΓööΓöÇΓöÇΓöÇvalue: id start
Γöé       Γö£ΓöÇΓöÇΓöÇinit total
Γöé       Γöé   Γö£ΓöÇΓöÇΓöÇtype i32
Γöé       Γöé   ΓööΓöÇΓöÇΓöÇvalue: int 0
Γöé       Γö£ΓöÇΓöÇΓöÇwhile
Γöé       Γöé   Γö£ΓöÇΓöÇΓöÇcond: cmp <=
Γöé       Γöé   Γöé   Γö£ΓöÇΓöÇΓöÇid current
Γöé       Γöé   Γöé   ΓööΓöÇΓöÇΓöÇid stop
Γöé       Γöé   ΓööΓöÇΓöÇΓöÇbody
Γöé       Γöé       Γö£ΓöÇΓöÇΓöÇassign total
Γöé       Γöé       Γöé   ΓööΓöÇΓöÇΓöÇvalue: binop +- +
Γöé       Γöé       Γöé       Γö£ΓöÇΓöÇΓöÇid total
Γöé       Γöé       Γöé       ΓööΓöÇΓöÇΓöÇid current
Γöé       Γöé       ΓööΓöÇΓöÇΓöÇassign current
Γöé       Γöé           ΓööΓöÇΓöÇΓöÇvalue: binop +- +
Γöé       Γöé               Γö£ΓöÇΓöÇΓöÇid current
Γöé       Γöé               ΓööΓöÇΓöÇΓöÇint 1
Γöé       ΓööΓöÇΓöÇΓöÇreturn
Γöé           ΓööΓöÇΓöÇΓöÇid total
Γö£ΓöÇΓöÇΓöÇfn sys__sum_step -> i32
Γöé   Γö£ΓöÇΓöÇΓöÇparams
Γöé   Γöé   Γö£ΓöÇΓöÇΓöÇparam i32 start
Γöé   Γöé   Γö£ΓöÇΓöÇΓöÇparam i32 stop
Γöé   Γöé   ΓööΓöÇΓöÇΓöÇparam i32 step
Γöé   ΓööΓöÇΓöÇΓöÇbody
Γöé       Γö£ΓöÇΓöÇΓöÇif
Γöé       Γöé   Γö£ΓöÇΓöÇΓöÇcond: eq ==
Γöé       Γöé   Γöé   Γö£ΓöÇΓöÇΓöÇid step
Γöé       Γöé   Γöé   ΓööΓöÇΓöÇΓöÇint 0
Γöé       Γöé   ΓööΓöÇΓöÇΓöÇthen
Γöé       Γöé       ΓööΓöÇΓöÇΓöÇreturn
Γöé       Γöé           ΓööΓöÇΓöÇΓöÇint 0
Γöé       Γö£ΓöÇΓöÇΓöÇinit current
Γöé       Γöé   Γö£ΓöÇΓöÇΓöÇtype i32
Γöé       Γöé   ΓööΓöÇΓöÇΓöÇvalue: id start
Γöé       Γö£ΓöÇΓöÇΓöÇinit total
Γöé       Γöé   Γö£ΓöÇΓöÇΓöÇtype i32
Γöé       Γöé   ΓööΓöÇΓöÇΓöÇvalue: int 0
Γöé       Γö£ΓöÇΓöÇΓöÇif
Γöé       Γöé   Γö£ΓöÇΓöÇΓöÇcond: cmp >
Γöé       Γöé   Γöé   Γö£ΓöÇΓöÇΓöÇid step
Γöé       Γöé   Γöé   ΓööΓöÇΓöÇΓöÇint 0
Γöé       Γöé   ΓööΓöÇΓöÇΓöÇthen
Γöé       Γöé       Γö£ΓöÇΓöÇΓöÇwhile
Γöé       Γöé       Γöé   Γö£ΓöÇΓöÇΓöÇcond: cmp <=
Γöé       Γöé       Γöé   Γöé   Γö£ΓöÇΓöÇΓöÇid current
Γöé       Γöé       Γöé   Γöé   ΓööΓöÇΓöÇΓöÇid stop
Γöé       Γöé       Γöé   ΓööΓöÇΓöÇΓöÇbody
Γöé       Γöé       Γöé       Γö£ΓöÇΓöÇΓöÇassign total
Γöé       Γöé       Γöé       Γöé   ΓööΓöÇΓöÇΓöÇvalue: binop +- +
Γöé       Γöé       Γöé       Γöé       Γö£ΓöÇΓöÇΓöÇid total
Γöé       Γöé       Γöé       Γöé       ΓööΓöÇΓöÇΓöÇid current
Γöé       Γöé       Γöé       ΓööΓöÇΓöÇΓöÇassign current
Γöé       Γöé       Γöé           ΓööΓöÇΓöÇΓöÇvalue: binop +- +
Γöé       Γöé       Γöé               Γö£ΓöÇΓöÇΓöÇid current
Γöé       Γöé       Γöé               ΓööΓöÇΓöÇΓöÇid step
Γöé       Γöé       ΓööΓöÇΓöÇΓöÇreturn
Γöé       Γöé           ΓööΓöÇΓöÇΓöÇid total
Γöé       Γö£ΓöÇΓöÇΓöÇwhile
Γöé       Γöé   Γö£ΓöÇΓöÇΓöÇcond: cmp >=
Γöé       Γöé   Γöé   Γö£ΓöÇΓöÇΓöÇid current
Γöé       Γöé   Γöé   ΓööΓöÇΓöÇΓöÇid stop
Γöé       Γöé   ΓööΓöÇΓöÇΓöÇbody
Γöé       Γöé       Γö£ΓöÇΓöÇΓöÇassign total
Γöé       Γöé       Γöé   ΓööΓöÇΓöÇΓöÇvalue: binop +- +
Γöé       Γöé       Γöé       Γö£ΓöÇΓöÇΓöÇid total
Γöé       Γöé       Γöé       ΓööΓöÇΓöÇΓöÇid current
Γöé       Γöé       ΓööΓöÇΓöÇΓöÇassign current
Γöé       Γöé           ΓööΓöÇΓöÇΓöÇvalue: binop +- +
Γöé       Γöé               Γö£ΓöÇΓöÇΓöÇid current
Γöé       Γöé               ΓööΓöÇΓöÇΓöÇid step
Γöé       ΓööΓöÇΓöÇΓöÇreturn
Γöé           ΓööΓöÇΓöÇΓöÇid total
Γö£ΓöÇΓöÇΓöÇfn sys__repeat_add -> i32
Γöé   Γö£ΓöÇΓöÇΓöÇparams
Γöé   Γöé   Γö£ΓöÇΓöÇΓöÇparam i32 value
Γöé   Γöé   ΓööΓöÇΓöÇΓöÇparam i32 times
Γöé   ΓööΓöÇΓöÇΓöÇbody
Γöé       Γö£ΓöÇΓöÇΓöÇinit remaining
Γöé       Γöé   Γö£ΓöÇΓöÇΓöÇtype i32
Γöé       Γöé   ΓööΓöÇΓöÇΓöÇvalue: id times
Γöé       Γö£ΓöÇΓöÇΓöÇinit total
Γöé       Γöé   Γö£ΓöÇΓöÇΓöÇtype i32
Γöé       Γöé   ΓööΓöÇΓöÇΓöÇvalue: int 0
Γöé       Γö£ΓöÇΓöÇΓöÇwhile
Γöé       Γöé   Γö£ΓöÇΓöÇΓöÇcond: cmp >
Γöé       Γöé   Γöé   Γö£ΓöÇΓöÇΓöÇid remaining
Γöé       Γöé   Γöé   ΓööΓöÇΓöÇΓöÇint 0
Γöé       Γöé   ΓööΓöÇΓöÇΓöÇbody
Γöé       Γöé       Γö£ΓöÇΓöÇΓöÇassign total
Γöé       Γöé       Γöé   ΓööΓöÇΓöÇΓöÇvalue: binop +- +
Γöé       Γöé       Γöé       Γö£ΓöÇΓöÇΓöÇid total
Γöé       Γöé       Γöé       ΓööΓöÇΓöÇΓöÇid value
Γöé       Γöé       ΓööΓöÇΓöÇΓöÇassign remaining
Γöé       Γöé           ΓööΓöÇΓöÇΓöÇvalue: binop +- -
Γöé       Γöé               Γö£ΓöÇΓöÇΓöÇid remaining
Γöé       Γöé               ΓööΓöÇΓöÇΓöÇint 1
Γöé       ΓööΓöÇΓöÇΓöÇreturn
Γöé           ΓööΓöÇΓöÇΓöÇid total
Γö£ΓöÇΓöÇΓöÇfn sys__first_index -> i32
Γöé   ΓööΓöÇΓöÇΓöÇbody
Γöé       ΓööΓöÇΓöÇΓöÇreturn
Γöé           ΓööΓöÇΓöÇΓöÇint 0
Γö£ΓöÇΓöÇΓöÇfn sys__next_index -> i32
Γöé   Γö£ΓöÇΓöÇΓöÇparams
Γöé   Γöé   ΓööΓöÇΓöÇΓöÇparam i32 index
Γöé   ΓööΓöÇΓöÇΓöÇbody
Γöé       ΓööΓöÇΓöÇΓöÇreturn
Γöé           ΓööΓöÇΓöÇΓöÇbinop +- +
Γöé               Γö£ΓöÇΓöÇΓöÇid index
Γöé               ΓööΓöÇΓöÇΓöÇint 1
Γö£ΓöÇΓöÇΓöÇfn sys__previous_index -> i32
Γöé   Γö£ΓöÇΓöÇΓöÇparams
Γöé   Γöé   ΓööΓöÇΓöÇΓöÇparam i32 index
Γöé   ΓööΓöÇΓöÇΓöÇbody
Γöé       ΓööΓöÇΓöÇΓöÇreturn
Γöé           ΓööΓöÇΓöÇΓöÇbinop +- -
Γöé               Γö£ΓöÇΓöÇΓöÇid index
Γöé               ΓööΓöÇΓöÇΓöÇint 1
Γö£ΓöÇΓöÇΓöÇfn sys__missing_i32 -> i32
Γöé   ΓööΓöÇΓöÇΓöÇbody
Γöé       ΓööΓöÇΓöÇΓöÇreturn
Γöé           ΓööΓöÇΓöÇΓöÇint 0
Γö£ΓöÇΓöÇΓöÇfn sys__vec_new -> vector
Γöé   ΓööΓöÇΓöÇΓöÇbody
Γöé       ΓööΓöÇΓöÇΓöÇreturn
Γöé           ΓööΓöÇΓöÇΓöÇcall sys__native_vec_new()
Γö£ΓöÇΓöÇΓöÇfn sys__vec_with_capacity -> vector
Γöé   Γö£ΓöÇΓöÇΓöÇparams
Γöé   Γöé   ΓööΓöÇΓöÇΓöÇparam i32 capacity
Γöé   ΓööΓöÇΓöÇΓöÇbody
Γöé       ΓööΓöÇΓöÇΓöÇreturn
Γöé           ΓööΓöÇΓöÇΓöÇcall sys__native_vec_with_capacity(capacity)
Γö£ΓöÇΓöÇΓöÇfn sys__vec_len -> i32
Γöé   Γö£ΓöÇΓöÇΓöÇparams
Γöé   Γöé   ΓööΓöÇΓöÇΓöÇparam nconst vector& value
Γöé   ΓööΓöÇΓöÇΓöÇbody
Γöé       ΓööΓöÇΓöÇΓöÇreturn
Γöé           ΓööΓöÇΓöÇΓöÇcall sys__native_vec_len(value)
Γö£ΓöÇΓöÇΓöÇfn sys__vec_push -> void
Γöé   Γö£ΓöÇΓöÇΓöÇparams
Γöé   Γöé   Γö£ΓöÇΓöÇΓöÇparam nconst vector& value
Γöé   Γöé   ΓööΓöÇΓöÇΓöÇparam nconst str& item
Γöé   ΓööΓöÇΓöÇΓöÇbody
Γöé       ΓööΓöÇΓöÇΓöÇcall sys__native_vec_push(value, item)
Γö£ΓöÇΓöÇΓöÇfn sys__vec_pop -> str
Γöé   Γö£ΓöÇΓöÇΓöÇparams
Γöé   Γöé   ΓööΓöÇΓöÇΓöÇparam nconst vector& value
Γöé   ΓööΓöÇΓöÇΓöÇbody
Γöé       ΓööΓöÇΓöÇΓöÇreturn
Γöé           ΓööΓöÇΓöÇΓöÇcall sys__native_vec_pop(value)
Γö£ΓöÇΓöÇΓöÇfn sys__vec_get -> str
Γöé   Γö£ΓöÇΓöÇΓöÇparams
Γöé   Γöé   Γö£ΓöÇΓöÇΓöÇparam nconst vector& value
Γöé   Γöé   ΓööΓöÇΓöÇΓöÇparam i32 index
Γöé   ΓööΓöÇΓöÇΓöÇbody
Γöé       ΓööΓöÇΓöÇΓöÇreturn
Γöé           ΓööΓöÇΓöÇΓöÇcall sys__native_vec_get(value, index)
Γö£ΓöÇΓöÇΓöÇfn sys__vec_set -> void
Γöé   Γö£ΓöÇΓöÇΓöÇparams
Γöé   Γöé   Γö£ΓöÇΓöÇΓöÇparam nconst vector& value
Γöé   Γöé   Γö£ΓöÇΓöÇΓöÇparam i32 index
Γöé   Γöé   ΓööΓöÇΓöÇΓöÇparam nconst str& item
Γöé   ΓööΓöÇΓöÇΓöÇbody
Γöé       ΓööΓöÇΓöÇΓöÇcall sys__native_vec_set(value, index, item)
Γö£ΓöÇΓöÇΓöÇfn sys__vec_insert -> void
Γöé   Γö£ΓöÇΓöÇΓöÇparams
Γöé   Γöé   Γö£ΓöÇΓöÇΓöÇparam nconst vector& value
Γöé   Γöé   Γö£ΓöÇΓöÇΓöÇparam i32 index
Γöé   Γöé   ΓööΓöÇΓöÇΓöÇparam nconst str& item
Γöé   ΓööΓöÇΓöÇΓöÇbody
Γöé       ΓööΓöÇΓöÇΓöÇcall sys__native_vec_insert(value, index, item)
Γö£ΓöÇΓöÇΓöÇfn sys__vec_remove -> str
Γöé   Γö£ΓöÇΓöÇΓöÇparams
Γöé   Γöé   Γö£ΓöÇΓöÇΓöÇparam nconst vector& value
Γöé   Γöé   ΓööΓöÇΓöÇΓöÇparam i32 index
Γöé   ΓööΓöÇΓöÇΓöÇbody
Γöé       ΓööΓöÇΓöÇΓöÇreturn
Γöé           ΓööΓöÇΓöÇΓöÇcall sys__native_vec_remove(value, index)
Γö£ΓöÇΓöÇΓöÇfn sys__vec_swap_remove -> str
Γöé   Γö£ΓöÇΓöÇΓöÇparams
Γöé   Γöé   Γö£ΓöÇΓöÇΓöÇparam nconst vector& value
Γöé   Γöé   ΓööΓöÇΓöÇΓöÇparam i32 index
Γöé   ΓööΓöÇΓöÇΓöÇbody
Γöé       ΓööΓöÇΓöÇΓöÇreturn
Γöé           ΓööΓöÇΓöÇΓöÇcall sys__native_vec_swap_remove(value, index)
Γö£ΓöÇΓöÇΓöÇfn sys__vec_clear -> void
Γöé   Γö£ΓöÇΓöÇΓöÇparams
Γöé   Γöé   ΓööΓöÇΓöÇΓöÇparam nconst vector& value
Γöé   ΓööΓöÇΓöÇΓöÇbody
Γöé       ΓööΓöÇΓöÇΓöÇcall sys__native_vec_clear(value)
Γö£ΓöÇΓöÇΓöÇfn sys__vec_truncate -> void
Γöé   Γö£ΓöÇΓöÇΓöÇparams
Γöé   Γöé   Γö£ΓöÇΓöÇΓöÇparam nconst vector& value
Γöé   Γöé   ΓööΓöÇΓöÇΓöÇparam i32 length
Γöé   ΓööΓöÇΓöÇΓöÇbody
Γöé       ΓööΓöÇΓöÇΓöÇcall sys__native_vec_truncate(value, length)
Γö£ΓöÇΓöÇΓöÇfn sys__vec_reserve -> void
Γöé   Γö£ΓöÇΓöÇΓöÇparams
Γöé   Γöé   Γö£ΓöÇΓöÇΓöÇparam nconst vector& value
Γöé   Γöé   ΓööΓöÇΓöÇΓöÇparam i32 additional
Γöé   ΓööΓöÇΓöÇΓöÇbody
Γöé       ΓööΓöÇΓöÇΓöÇcall sys__native_vec_reserve(value, additional)
Γö£ΓöÇΓöÇΓöÇfn sys__vec_shrink_to_fit -> void
Γöé   Γö£ΓöÇΓöÇΓöÇparams
Γöé   Γöé   ΓööΓöÇΓöÇΓöÇparam nconst vector& value
Γöé   ΓööΓöÇΓöÇΓöÇbody
Γöé       ΓööΓöÇΓöÇΓöÇcall sys__native_vec_shrink_to_fit(value)
Γö£ΓöÇΓöÇΓöÇfn sys__vec_resize -> void
Γöé   Γö£ΓöÇΓöÇΓöÇparams
Γöé   Γöé   Γö£ΓöÇΓöÇΓöÇparam nconst vector& value
Γöé   Γöé   Γö£ΓöÇΓöÇΓöÇparam i32 new_length
Γöé   Γöé   ΓööΓöÇΓöÇΓöÇparam nconst str& item
Γöé   ΓööΓöÇΓöÇΓöÇbody
Γöé       ΓööΓöÇΓöÇΓöÇcall sys__native_vec_resize(value, new_length, item)
Γö£ΓöÇΓöÇΓöÇfn sys__vec_dedup -> void
Γöé   Γö£ΓöÇΓöÇΓöÇparams
Γöé   Γöé   ΓööΓöÇΓöÇΓöÇparam nconst vector& value
Γöé   ΓööΓöÇΓöÇΓöÇbody
Γöé       ΓööΓöÇΓöÇΓöÇcall sys__native_vec_dedup(value)
Γö£ΓöÇΓöÇΓöÇfn sys__vec_join -> str
Γöé   Γö£ΓöÇΓöÇΓöÇparams
Γöé   Γöé   Γö£ΓöÇΓöÇΓöÇparam nconst vector& value
Γöé   Γöé   ΓööΓöÇΓöÇΓöÇparam nconst str& delimiter
Γöé   ΓööΓöÇΓöÇΓöÇbody
Γöé       ΓööΓöÇΓöÇΓöÇreturn
Γöé           ΓööΓöÇΓöÇΓöÇcall sys__native_vec_join(value, delimiter)
Γö£ΓöÇΓöÇΓöÇfn sys__vec_contains -> i32
Γöé   Γö£ΓöÇΓöÇΓöÇparams
Γöé   Γöé   Γö£ΓöÇΓöÇΓöÇparam nconst vector& value
Γöé   Γöé   ΓööΓöÇΓöÇΓöÇparam nconst str& item
Γöé   ΓööΓöÇΓöÇΓöÇbody
Γöé       ΓööΓöÇΓöÇΓöÇreturn
Γöé           ΓööΓöÇΓöÇΓöÇcall sys__native_vec_contains(value, item)
Γö£ΓöÇΓöÇΓöÇfn sys__map_new -> map
Γöé   ΓööΓöÇΓöÇΓöÇbody
Γöé       ΓööΓöÇΓöÇΓöÇreturn
Γöé           ΓööΓöÇΓöÇΓöÇcall sys__native_map_new()
Γö£ΓöÇΓöÇΓöÇfn sys__map_with_capacity -> map
Γöé   Γö£ΓöÇΓöÇΓöÇparams
Γöé   Γöé   ΓööΓöÇΓöÇΓöÇparam i32 capacity
Γöé   ΓööΓöÇΓöÇΓöÇbody
Γöé       ΓööΓöÇΓöÇΓöÇreturn
Γöé           ΓööΓöÇΓöÇΓöÇcall sys__native_map_with_capacity(capacity)
Γö£ΓöÇΓöÇΓöÇfn sys__map_len -> i32
Γöé   Γö£ΓöÇΓöÇΓöÇparams
Γöé   Γöé   ΓööΓöÇΓöÇΓöÇparam nconst map& value
Γöé   ΓööΓöÇΓöÇΓöÇbody
Γöé       ΓööΓöÇΓöÇΓöÇreturn
Γöé           ΓööΓöÇΓöÇΓöÇcall sys__native_map_len(value)
Γö£ΓöÇΓöÇΓöÇfn sys__map_insert -> void
Γöé   Γö£ΓöÇΓöÇΓöÇparams
Γöé   Γöé   Γö£ΓöÇΓöÇΓöÇparam nconst map& value
Γöé   Γöé   Γö£ΓöÇΓöÇΓöÇparam nconst str& key
Γöé   Γöé   ΓööΓöÇΓöÇΓöÇparam nconst str& item
Γöé   ΓööΓöÇΓöÇΓöÇbody
Γöé       ΓööΓöÇΓöÇΓöÇcall sys__native_map_insert(value, key, item)
Γö£ΓöÇΓöÇΓöÇfn sys__map_get -> str
Γöé   Γö£ΓöÇΓöÇΓöÇparams
Γöé   Γöé   Γö£ΓöÇΓöÇΓöÇparam nconst map& value
Γöé   Γöé   ΓööΓöÇΓöÇΓöÇparam nconst str& key
Γöé   ΓööΓöÇΓöÇΓöÇbody
Γöé       ΓööΓöÇΓöÇΓöÇreturn
Γöé           ΓööΓöÇΓöÇΓöÇcall sys__native_map_get(value, key)
Γö£ΓöÇΓöÇΓöÇfn sys__map_get_mut -> str
Γöé   Γö£ΓöÇΓöÇΓöÇparams
Γöé   Γöé   Γö£ΓöÇΓöÇΓöÇparam nconst map& value
Γöé   Γöé   ΓööΓöÇΓöÇΓöÇparam nconst str& key
Γöé   ΓööΓöÇΓöÇΓöÇbody
Γöé       ΓööΓöÇΓöÇΓöÇreturn
Γöé           ΓööΓöÇΓöÇΓöÇcall sys__native_map_get_mut(value, key)
Γö£ΓöÇΓöÇΓöÇfn sys__map_remove -> str
Γöé   Γö£ΓöÇΓöÇΓöÇparams
Γöé   Γöé   Γö£ΓöÇΓöÇΓöÇparam nconst map& value
Γöé   Γöé   ΓööΓöÇΓöÇΓöÇparam nconst str& key
Γöé   ΓööΓöÇΓöÇΓöÇbody
Γöé       ΓööΓöÇΓöÇΓöÇreturn
Γöé           ΓööΓöÇΓöÇΓöÇcall sys__native_map_remove(value, key)
Γö£ΓöÇΓöÇΓöÇfn sys__map_contains_key -> i32
Γöé   Γö£ΓöÇΓöÇΓöÇparams
Γöé   Γöé   Γö£ΓöÇΓöÇΓöÇparam nconst map& value
Γöé   Γöé   ΓööΓöÇΓöÇΓöÇparam nconst str& key
Γöé   ΓööΓöÇΓöÇΓöÇbody
Γöé       ΓööΓöÇΓöÇΓöÇreturn
Γöé           ΓööΓöÇΓöÇΓöÇcall sys__native_map_contains_key(value, key)
Γö£ΓöÇΓöÇΓöÇfn sys__map_clear -> void
Γöé   Γö£ΓöÇΓöÇΓöÇparams
Γöé   Γöé   ΓööΓöÇΓöÇΓöÇparam nconst map& value
Γöé   ΓööΓöÇΓöÇΓöÇbody
Γöé       ΓööΓöÇΓöÇΓöÇcall sys__native_map_clear(value)
Γö£ΓöÇΓöÇΓöÇfn sys__map_reserve -> void
Γöé   Γö£ΓöÇΓöÇΓöÇparams
Γöé   Γöé   Γö£ΓöÇΓöÇΓöÇparam nconst map& value
Γöé   Γöé   ΓööΓöÇΓöÇΓöÇparam i32 capacity
Γöé   ΓööΓöÇΓöÇΓöÇbody
Γöé       ΓööΓöÇΓöÇΓöÇcall sys__native_map_reserve(value, capacity)
Γö£ΓöÇΓöÇΓöÇfn sys__map_entry_or_insert -> str
Γöé   Γö£ΓöÇΓöÇΓöÇparams
Γöé   Γöé   Γö£ΓöÇΓöÇΓöÇparam nconst map& value
Γöé   Γöé   Γö£ΓöÇΓöÇΓöÇparam nconst str& key
Γöé   Γöé   ΓööΓöÇΓöÇΓöÇparam nconst str& default_value
Γöé   ΓööΓöÇΓöÇΓöÇbody
Γöé       ΓööΓöÇΓöÇΓöÇreturn
Γöé           ΓööΓöÇΓöÇΓöÇcall sys__native_map_entry_or_insert(value, key, default_value)
Γö£ΓöÇΓöÇΓöÇfn sys__map_rehash -> void
Γöé   Γö£ΓöÇΓöÇΓöÇparams
Γöé   Γöé   ΓööΓöÇΓöÇΓöÇparam nconst map& value
Γöé   ΓööΓöÇΓöÇΓöÇbody
Γöé       ΓööΓöÇΓöÇΓöÇcall sys__native_map_rehash(value)
Γö£ΓöÇΓöÇΓöÇfn sys__map_keys -> str
Γöé   Γö£ΓöÇΓöÇΓöÇparams
Γöé   Γöé   Γö£ΓöÇΓöÇΓöÇparam nconst map& value
Γöé   Γöé   ΓööΓöÇΓöÇΓöÇparam nconst str& delimiter
Γöé   ΓööΓöÇΓöÇΓöÇbody
Γöé       ΓööΓöÇΓöÇΓöÇreturn
Γöé           ΓööΓöÇΓöÇΓöÇcall sys__native_map_keys(value, delimiter)
Γö£ΓöÇΓöÇΓöÇfn sys__map_values -> str
Γöé   Γö£ΓöÇΓöÇΓöÇparams
Γöé   Γöé   Γö£ΓöÇΓöÇΓöÇparam nconst map& value
Γöé   Γöé   ΓööΓöÇΓöÇΓöÇparam nconst str& delimiter
Γöé   ΓööΓöÇΓöÇΓöÇbody
Γöé       ΓööΓöÇΓöÇΓöÇreturn
Γöé           ΓööΓöÇΓöÇΓöÇcall sys__native_map_values(value, delimiter)
Γö£ΓöÇΓöÇΓöÇfn sys__map_entries -> str
Γöé   Γö£ΓöÇΓöÇΓöÇparams
Γöé   Γöé   Γö£ΓöÇΓöÇΓöÇparam nconst map& value
Γöé   Γöé   ΓööΓöÇΓöÇΓöÇparam nconst str& delimiter
Γöé   ΓööΓöÇΓöÇΓöÇbody
Γöé       ΓööΓöÇΓöÇΓöÇreturn
Γöé           ΓööΓöÇΓöÇΓöÇcall sys__native_map_entries(value, delimiter)
Γö£ΓöÇΓöÇΓöÇfn sys__tmap_new -> tmap
Γöé   ΓööΓöÇΓöÇΓöÇbody
Γöé       ΓööΓöÇΓöÇΓöÇreturn
Γöé           ΓööΓöÇΓöÇΓöÇcall sys__native_tmap_new()
Γö£ΓöÇΓöÇΓöÇfn sys__tmap_len -> i32
Γöé   Γö£ΓöÇΓöÇΓöÇparams
Γöé   Γöé   ΓööΓöÇΓöÇΓöÇparam nconst tmap& value
Γöé   ΓööΓöÇΓöÇΓöÇbody
Γöé       ΓööΓöÇΓöÇΓöÇreturn
Γöé           ΓööΓöÇΓöÇΓöÇcall sys__native_tmap_len(value)
Γö£ΓöÇΓöÇΓöÇfn sys__tmap_insert -> void
Γöé   Γö£ΓöÇΓöÇΓöÇparams
Γöé   Γöé   Γö£ΓöÇΓöÇΓöÇparam nconst tmap& value
Γöé   Γöé   Γö£ΓöÇΓöÇΓöÇparam nconst str& key
Γöé   Γöé   ΓööΓöÇΓöÇΓöÇparam nconst str& item
Γöé   ΓööΓöÇΓöÇΓöÇbody
Γöé       ΓööΓöÇΓöÇΓöÇcall sys__native_tmap_insert(value, key, item)
Γö£ΓöÇΓöÇΓöÇfn sys__tmap_get -> str
Γöé   Γö£ΓöÇΓöÇΓöÇparams
Γöé   Γöé   Γö£ΓöÇΓöÇΓöÇparam nconst tmap& value
Γöé   Γöé   ΓööΓöÇΓöÇΓöÇparam nconst str& key
Γöé   ΓööΓöÇΓöÇΓöÇbody
Γöé       ΓööΓöÇΓöÇΓöÇreturn
Γöé           ΓööΓöÇΓöÇΓöÇcall sys__native_tmap_get(value, key)
Γö£ΓöÇΓöÇΓöÇfn sys__tmap_contains_key -> i32
Γöé   Γö£ΓöÇΓöÇΓöÇparams
Γöé   Γöé   Γö£ΓöÇΓöÇΓöÇparam nconst tmap& value
Γöé   Γöé   ΓööΓöÇΓöÇΓöÇparam nconst str& key
Γöé   ΓööΓöÇΓöÇΓöÇbody
Γöé       ΓööΓöÇΓöÇΓöÇreturn
Γöé           ΓööΓöÇΓöÇΓöÇcall sys__native_tmap_contains_key(value, key)
Γö£ΓöÇΓöÇΓöÇfn sys__tmap_remove -> str
Γöé   Γö£ΓöÇΓöÇΓöÇparams
Γöé   Γöé   Γö£ΓöÇΓöÇΓöÇparam nconst tmap& value
Γöé   Γöé   ΓööΓöÇΓöÇΓöÇparam nconst str& key
Γöé   ΓööΓöÇΓöÇΓöÇbody
Γöé       ΓööΓöÇΓöÇΓöÇreturn
Γöé           ΓööΓöÇΓöÇΓöÇcall sys__native_tmap_remove(value, key)
Γö£ΓöÇΓöÇΓöÇfn sys__tmap_first_key -> str
Γöé   Γö£ΓöÇΓöÇΓöÇparams
Γöé   Γöé   ΓööΓöÇΓöÇΓöÇparam nconst tmap& value
Γöé   ΓööΓöÇΓöÇΓöÇbody
Γöé       ΓööΓöÇΓöÇΓöÇreturn
Γöé           ΓööΓöÇΓöÇΓöÇcall sys__native_tmap_first_key(value)
Γö£ΓöÇΓöÇΓöÇfn sys__tmap_last_key -> str
Γöé   Γö£ΓöÇΓöÇΓöÇparams
Γöé   Γöé   ΓööΓöÇΓöÇΓöÇparam nconst tmap& value
Γöé   ΓööΓöÇΓöÇΓöÇbody
Γöé       ΓööΓöÇΓöÇΓöÇreturn
Γöé           ΓööΓöÇΓöÇΓöÇcall sys__native_tmap_last_key(value)
Γö£ΓöÇΓöÇΓöÇfn sys__tmap_floor_key -> str
Γöé   Γö£ΓöÇΓöÇΓöÇparams
Γöé   Γöé   Γö£ΓöÇΓöÇΓöÇparam nconst tmap& value
Γöé   Γöé   ΓööΓöÇΓöÇΓöÇparam nconst str& key
Γöé   ΓööΓöÇΓöÇΓöÇbody
Γöé       ΓööΓöÇΓöÇΓöÇreturn
Γöé           ΓööΓöÇΓöÇΓöÇcall sys__native_tmap_floor_key(value, key)
Γö£ΓöÇΓöÇΓöÇfn sys__tmap_ceiling_key -> str
Γöé   Γö£ΓöÇΓöÇΓöÇparams
Γöé   Γöé   Γö£ΓöÇΓöÇΓöÇparam nconst tmap& value
Γöé   Γöé   ΓööΓöÇΓöÇΓöÇparam nconst str& key
Γöé   ΓööΓöÇΓöÇΓöÇbody
Γöé       ΓööΓöÇΓöÇΓöÇreturn
Γöé           ΓööΓöÇΓöÇΓöÇcall sys__native_tmap_ceiling_key(value, key)
Γö£ΓöÇΓöÇΓöÇfn sys__tmap_pop_first -> entry
Γöé   Γö£ΓöÇΓöÇΓöÇparams
Γöé   Γöé   ΓööΓöÇΓöÇΓöÇparam nconst tmap& value
Γöé   ΓööΓöÇΓöÇΓöÇbody
Γöé       ΓööΓöÇΓöÇΓöÇreturn
Γöé           ΓööΓöÇΓöÇΓöÇcall sys__native_tmap_pop_first(value)
Γö£ΓöÇΓöÇΓöÇfn sys__tmap_pop_last -> entry
Γöé   Γö£ΓöÇΓöÇΓöÇparams
Γöé   Γöé   ΓööΓöÇΓöÇΓöÇparam nconst tmap& value
Γöé   ΓööΓöÇΓöÇΓöÇbody
Γöé       ΓööΓöÇΓöÇΓöÇreturn
Γöé           ΓööΓöÇΓöÇΓöÇcall sys__native_tmap_pop_last(value)
Γö£ΓöÇΓöÇΓöÇfn sys__tmap_iter -> entry_iter
Γöé   Γö£ΓöÇΓöÇΓöÇparams
Γöé   Γöé   ΓööΓöÇΓöÇΓöÇparam nconst tmap& value
Γöé   ΓööΓöÇΓöÇΓöÇbody
Γöé       ΓööΓöÇΓöÇΓöÇreturn
Γöé           ΓööΓöÇΓöÇΓöÇcall sys__native_tmap_iter(value)
Γö£ΓöÇΓöÇΓöÇfn sys__tmap_range_iter -> entry_iter
Γöé   Γö£ΓöÇΓöÇΓöÇparams
Γöé   Γöé   Γö£ΓöÇΓöÇΓöÇparam nconst tmap& value
Γöé   Γöé   Γö£ΓöÇΓöÇΓöÇparam nconst str& start_key
Γöé   Γöé   ΓööΓöÇΓöÇΓöÇparam nconst str& end_key
Γöé   ΓööΓöÇΓöÇΓöÇbody
Γöé       ΓööΓöÇΓöÇΓöÇreturn
Γöé           ΓööΓöÇΓöÇΓöÇcall sys__native_tmap_range_iter(value, start_key, end_key)
Γö£ΓöÇΓöÇΓöÇfn sys__entry_key -> str
Γöé   Γö£ΓöÇΓöÇΓöÇparams
Γöé   Γöé   ΓööΓöÇΓöÇΓöÇparam nconst entry& value
Γöé   ΓööΓöÇΓöÇΓöÇbody
Γöé       ΓööΓöÇΓöÇΓöÇreturn
Γöé           ΓööΓöÇΓöÇΓöÇcall sys__native_entry_key(value)
Γö£ΓöÇΓöÇΓöÇfn sys__entry_value -> str
Γöé   Γö£ΓöÇΓöÇΓöÇparams
Γöé   Γöé   ΓööΓöÇΓöÇΓöÇparam nconst entry& value
Γöé   ΓööΓöÇΓöÇΓöÇbody
Γöé       ΓööΓöÇΓöÇΓöÇreturn
Γöé           ΓööΓöÇΓöÇΓöÇcall sys__native_entry_value(value)
Γö£ΓöÇΓöÇΓöÇfn sys__entry_iter_has_next -> i32
Γöé   Γö£ΓöÇΓöÇΓöÇparams
Γöé   Γöé   ΓööΓöÇΓöÇΓöÇparam nconst entry_iter& value
Γöé   ΓööΓöÇΓöÇΓöÇbody
Γöé       ΓööΓöÇΓöÇΓöÇreturn
Γöé           ΓööΓöÇΓöÇΓöÇcall sys__native_entry_iter_has_next(value)
Γö£ΓöÇΓöÇΓöÇfn sys__entry_iter_next -> entry
Γöé   Γö£ΓöÇΓöÇΓöÇparams
Γöé   Γöé   ΓööΓöÇΓöÇΓöÇparam nconst entry_iter& value
Γöé   ΓööΓöÇΓöÇΓöÇbody
Γöé       ΓööΓöÇΓöÇΓöÇreturn
Γöé           ΓööΓöÇΓöÇΓöÇcall sys__native_entry_iter_next(value)
Γö£ΓöÇΓöÇΓöÇfn sys__set_new -> set
Γöé   ΓööΓöÇΓöÇΓöÇbody
Γöé       ΓööΓöÇΓöÇΓöÇreturn
Γöé           ΓööΓöÇΓöÇΓöÇcall sys__native_set_new()
Γö£ΓöÇΓöÇΓöÇfn sys__set_insert -> i32
Γöé   Γö£ΓöÇΓöÇΓöÇparams
Γöé   Γöé   Γö£ΓöÇΓöÇΓöÇparam nconst set& value
Γöé   Γöé   ΓööΓöÇΓöÇΓöÇparam nconst str& item
Γöé   ΓööΓöÇΓöÇΓöÇbody
Γöé       ΓööΓöÇΓöÇΓöÇreturn
Γöé           ΓööΓöÇΓöÇΓöÇcall sys__native_set_insert(value, item)
Γö£ΓöÇΓöÇΓöÇfn sys__set_remove -> i32
Γöé   Γö£ΓöÇΓöÇΓöÇparams
Γöé   Γöé   Γö£ΓöÇΓöÇΓöÇparam nconst set& value
Γöé   Γöé   ΓööΓöÇΓöÇΓöÇparam nconst str& item
Γöé   ΓööΓöÇΓöÇΓöÇbody
Γöé       ΓööΓöÇΓöÇΓöÇreturn
Γöé           ΓööΓöÇΓöÇΓöÇcall sys__native_set_remove(value, item)
Γö£ΓöÇΓöÇΓöÇfn sys__set_contains -> i32
Γöé   Γö£ΓöÇΓöÇΓöÇparams
Γöé   Γöé   Γö£ΓöÇΓöÇΓöÇparam nconst set& value
Γöé   Γöé   ΓööΓöÇΓöÇΓöÇparam nconst str& item
Γöé   ΓööΓöÇΓöÇΓöÇbody
Γöé       ΓööΓöÇΓöÇΓöÇreturn
Γöé           ΓööΓöÇΓöÇΓöÇcall sys__native_set_contains(value, item)
Γö£ΓöÇΓöÇΓöÇfn sys__set_len -> i32
Γöé   Γö£ΓöÇΓöÇΓöÇparams
Γöé   Γöé   ΓööΓöÇΓöÇΓöÇparam nconst set& value
Γöé   ΓööΓöÇΓöÇΓöÇbody
Γöé       ΓööΓöÇΓöÇΓöÇreturn
Γöé           ΓööΓöÇΓöÇΓöÇcall sys__native_set_len(value)
Γö£ΓöÇΓöÇΓöÇfn sys__set_clear -> void
Γöé   Γö£ΓöÇΓöÇΓöÇparams
Γöé   Γöé   ΓööΓöÇΓöÇΓöÇparam nconst set& value
Γöé   ΓööΓöÇΓöÇΓöÇbody
Γöé       ΓööΓöÇΓöÇΓöÇcall sys__native_set_clear(value)
Γö£ΓöÇΓöÇΓöÇfn sys__set_values -> str
Γöé   Γö£ΓöÇΓöÇΓöÇparams
Γöé   Γöé   Γö£ΓöÇΓöÇΓöÇparam nconst set& value
Γöé   Γöé   ΓööΓöÇΓöÇΓöÇparam nconst str& delimiter
Γöé   ΓööΓöÇΓöÇΓöÇbody
Γöé       ΓööΓöÇΓöÇΓöÇreturn
Γöé           ΓööΓöÇΓöÇΓöÇcall sys__native_set_values(value, delimiter)
Γö£ΓöÇΓöÇΓöÇfn sys__set_union -> set
Γöé   Γö£ΓöÇΓöÇΓöÇparams
Γöé   Γöé   Γö£ΓöÇΓöÇΓöÇparam nconst set& left
Γöé   Γöé   ΓööΓöÇΓöÇΓöÇparam nconst set& right
Γöé   ΓööΓöÇΓöÇΓöÇbody
Γöé       ΓööΓöÇΓöÇΓöÇreturn
Γöé           ΓööΓöÇΓöÇΓöÇcall sys__native_set_union(left, right)
Γö£ΓöÇΓöÇΓöÇfn sys__set_intersection -> set
Γöé   Γö£ΓöÇΓöÇΓöÇparams
Γöé   Γöé   Γö£ΓöÇΓöÇΓöÇparam nconst set& left
Γöé   Γöé   ΓööΓöÇΓöÇΓöÇparam nconst set& right
Γöé   ΓööΓöÇΓöÇΓöÇbody
Γöé       ΓööΓöÇΓöÇΓöÇreturn
Γöé           ΓööΓöÇΓöÇΓöÇcall sys__native_set_intersection(left, right)
Γö£ΓöÇΓöÇΓöÇfn sys__set_difference -> set
Γöé   Γö£ΓöÇΓöÇΓöÇparams
Γöé   Γöé   Γö£ΓöÇΓöÇΓöÇparam nconst set& left
Γöé   Γöé   ΓööΓöÇΓöÇΓöÇparam nconst set& right
Γöé   ΓööΓöÇΓöÇΓöÇbody
Γöé       ΓööΓöÇΓöÇΓöÇreturn
Γöé           ΓööΓöÇΓöÇΓöÇcall sys__native_set_difference(left, right)
Γö£ΓöÇΓöÇΓöÇfn sys__set_symmetric_difference -> set
Γöé   Γö£ΓöÇΓöÇΓöÇparams
Γöé   Γöé   Γö£ΓöÇΓöÇΓöÇparam nconst set& left
Γöé   Γöé   ΓööΓöÇΓöÇΓöÇparam nconst set& right
Γöé   ΓööΓöÇΓöÇΓöÇbody
Γöé       ΓööΓöÇΓöÇΓöÇreturn
Γöé           ΓööΓöÇΓöÇΓöÇcall sys__native_set_symmetric_difference(left, right)
Γö£ΓöÇΓöÇΓöÇfn sys__set_is_subset -> i32
Γöé   Γö£ΓöÇΓöÇΓöÇparams
Γöé   Γöé   Γö£ΓöÇΓöÇΓöÇparam nconst set& left
Γöé   Γöé   ΓööΓöÇΓöÇΓöÇparam nconst set& right
Γöé   ΓööΓöÇΓöÇΓöÇbody
Γöé       ΓööΓöÇΓöÇΓöÇreturn
Γöé           ΓööΓöÇΓöÇΓöÇcall sys__native_set_is_subset(left, right)
Γö£ΓöÇΓöÇΓöÇfn sys__set_is_superset -> i32
Γöé   Γö£ΓöÇΓöÇΓöÇparams
Γöé   Γöé   Γö£ΓöÇΓöÇΓöÇparam nconst set& left
Γöé   Γöé   ΓööΓöÇΓöÇΓöÇparam nconst set& right
Γöé   ΓööΓöÇΓöÇΓöÇbody
Γöé       ΓööΓöÇΓöÇΓöÇreturn
Γöé           ΓööΓöÇΓöÇΓöÇcall sys__native_set_is_superset(left, right)
Γö£ΓöÇΓöÇΓöÇfn sys__queue_new -> queue
Γöé   ΓööΓöÇΓöÇΓöÇbody
Γöé       ΓööΓöÇΓöÇΓöÇreturn
Γöé           ΓööΓöÇΓöÇΓöÇcall sys__native_queue_new()
Γö£ΓöÇΓöÇΓöÇfn sys__queue_enqueue -> void
Γöé   Γö£ΓöÇΓöÇΓöÇparams
Γöé   Γöé   Γö£ΓöÇΓöÇΓöÇparam nconst queue& value
Γöé   Γöé   ΓööΓöÇΓöÇΓöÇparam nconst str& item
Γöé   ΓööΓöÇΓöÇΓöÇbody
Γöé       ΓööΓöÇΓöÇΓöÇcall sys__native_queue_enqueue(value, item)
Γö£ΓöÇΓöÇΓöÇfn sys__queue_dequeue -> str
Γöé   Γö£ΓöÇΓöÇΓöÇparams
Γöé   Γöé   ΓööΓöÇΓöÇΓöÇparam nconst queue& value
Γöé   ΓööΓöÇΓöÇΓöÇbody
Γöé       ΓööΓöÇΓöÇΓöÇreturn
Γöé           ΓööΓöÇΓöÇΓöÇcall sys__native_queue_dequeue(value)
Γö£ΓöÇΓöÇΓöÇfn sys__queue_len -> i32
Γöé   Γö£ΓöÇΓöÇΓöÇparams
Γöé   Γöé   ΓööΓöÇΓöÇΓöÇparam nconst queue& value
Γöé   ΓööΓöÇΓöÇΓöÇbody
Γöé       ΓööΓöÇΓöÇΓöÇreturn
Γöé           ΓööΓöÇΓöÇΓöÇcall sys__native_queue_len(value)
Γö£ΓöÇΓöÇΓöÇfn sys__deque_new -> deque
Γöé   ΓööΓöÇΓöÇΓöÇbody
Γöé       ΓööΓöÇΓöÇΓöÇreturn
Γöé           ΓööΓöÇΓöÇΓöÇcall sys__native_deque_new()
Γö£ΓöÇΓöÇΓöÇfn sys__deque_push_front -> void
Γöé   Γö£ΓöÇΓöÇΓöÇparams
Γöé   Γöé   Γö£ΓöÇΓöÇΓöÇparam nconst deque& value
Γöé   Γöé   ΓööΓöÇΓöÇΓöÇparam nconst str& item
Γöé   ΓööΓöÇΓöÇΓöÇbody
Γöé       ΓööΓöÇΓöÇΓöÇcall sys__native_deque_push_front(value, item)
Γö£ΓöÇΓöÇΓöÇfn sys__deque_push_back -> void
Γöé   Γö£ΓöÇΓöÇΓöÇparams
Γöé   Γöé   Γö£ΓöÇΓöÇΓöÇparam nconst deque& value
Γöé   Γöé   ΓööΓöÇΓöÇΓöÇparam nconst str& item
Γöé   ΓööΓöÇΓöÇΓöÇbody
Γöé       ΓööΓöÇΓöÇΓöÇcall sys__native_deque_push_back(value, item)
Γö£ΓöÇΓöÇΓöÇfn sys__deque_pop_front -> str
Γöé   Γö£ΓöÇΓöÇΓöÇparams
Γöé   Γöé   ΓööΓöÇΓöÇΓöÇparam nconst deque& value
Γöé   ΓööΓöÇΓöÇΓöÇbody
Γöé       ΓööΓöÇΓöÇΓöÇreturn
Γöé           ΓööΓöÇΓöÇΓöÇcall sys__native_deque_pop_front(value)
Γö£ΓöÇΓöÇΓöÇfn sys__deque_pop_back -> str
Γöé   Γö£ΓöÇΓöÇΓöÇparams
Γöé   Γöé   ΓööΓöÇΓöÇΓöÇparam nconst deque& value
Γöé   ΓööΓöÇΓöÇΓöÇbody
Γöé       ΓööΓöÇΓöÇΓöÇreturn
Γöé           ΓööΓöÇΓöÇΓöÇcall sys__native_deque_pop_back(value)
Γö£ΓöÇΓöÇΓöÇfn sys__deque_len -> i32
Γöé   Γö£ΓöÇΓöÇΓöÇparams
Γöé   Γöé   ΓööΓöÇΓöÇΓöÇparam nconst deque& value
Γöé   ΓööΓöÇΓöÇΓöÇbody
Γöé       ΓööΓöÇΓöÇΓöÇreturn
Γöé           ΓööΓöÇΓöÇΓöÇcall sys__native_deque_len(value)
Γö£ΓöÇΓöÇΓöÇfn sys__heap_new_max -> heap
Γöé   ΓööΓöÇΓöÇΓöÇbody
Γöé       ΓööΓöÇΓöÇΓöÇreturn
Γöé           ΓööΓöÇΓöÇΓöÇcall sys__native_heap_new_max()
Γö£ΓöÇΓöÇΓöÇfn sys__heap_new_min -> heap
Γöé   ΓööΓöÇΓöÇΓöÇbody
Γöé       ΓööΓöÇΓöÇΓöÇreturn
Γöé           ΓööΓöÇΓöÇΓöÇcall sys__native_heap_new_min()
Γö£ΓöÇΓöÇΓöÇfn sys__heap_push -> void
Γöé   Γö£ΓöÇΓöÇΓöÇparams
Γöé   Γöé   Γö£ΓöÇΓöÇΓöÇparam nconst heap& value
Γöé   Γöé   ΓööΓöÇΓöÇΓöÇparam i32 item
Γöé   ΓööΓöÇΓöÇΓöÇbody
Γöé       ΓööΓöÇΓöÇΓöÇcall sys__native_heap_push(value, item)
Γö£ΓöÇΓöÇΓöÇfn sys__heap_pop -> i32
Γöé   Γö£ΓöÇΓöÇΓöÇparams
Γöé   Γöé   ΓööΓöÇΓöÇΓöÇparam nconst heap& value
Γöé   ΓööΓöÇΓöÇΓöÇbody
Γöé       ΓööΓöÇΓöÇΓöÇreturn
Γöé           ΓööΓöÇΓöÇΓöÇcall sys__native_heap_pop(value)
Γö£ΓöÇΓöÇΓöÇfn sys__heap_peek -> i32
Γöé   Γö£ΓöÇΓöÇΓöÇparams
Γöé   Γöé   ΓööΓöÇΓöÇΓöÇparam nconst heap& value
Γöé   ΓööΓöÇΓöÇΓöÇbody
Γöé       ΓööΓöÇΓöÇΓöÇreturn
Γöé           ΓööΓöÇΓöÇΓöÇcall sys__native_heap_peek(value)
Γö£ΓöÇΓöÇΓöÇfn sys__heap_len -> i32
Γöé   Γö£ΓöÇΓöÇΓöÇparams
Γöé   Γöé   ΓööΓöÇΓöÇΓöÇparam nconst heap& value
Γöé   ΓööΓöÇΓöÇΓöÇbody
Γöé       ΓööΓöÇΓöÇΓöÇreturn
Γöé           ΓööΓöÇΓöÇΓöÇcall sys__native_heap_len(value)
Γö£ΓöÇΓöÇΓöÇfn sys__list_new -> list
Γöé   ΓööΓöÇΓöÇΓöÇbody
Γöé       ΓööΓöÇΓöÇΓöÇreturn
Γöé           ΓööΓöÇΓöÇΓöÇcall sys__native_list_new()
Γö£ΓöÇΓöÇΓöÇfn sys__list_push_front -> void
Γöé   Γö£ΓöÇΓöÇΓöÇparams
Γöé   Γöé   Γö£ΓöÇΓöÇΓöÇparam nconst list& value
Γöé   Γöé   ΓööΓöÇΓöÇΓöÇparam nconst str& item
Γöé   ΓööΓöÇΓöÇΓöÇbody
Γöé       ΓööΓöÇΓöÇΓöÇcall sys__native_list_push_front(value, item)
Γö£ΓöÇΓöÇΓöÇfn sys__list_push_back -> void
Γöé   Γö£ΓöÇΓöÇΓöÇparams
Γöé   Γöé   Γö£ΓöÇΓöÇΓöÇparam nconst list& value
Γöé   Γöé   ΓööΓöÇΓöÇΓöÇparam nconst str& item
Γöé   ΓööΓöÇΓöÇΓöÇbody
Γöé       ΓööΓöÇΓöÇΓöÇcall sys__native_list_push_back(value, item)
Γö£ΓöÇΓöÇΓöÇfn sys__list_pop_front -> str
Γöé   Γö£ΓöÇΓöÇΓöÇparams
Γöé   Γöé   ΓööΓöÇΓöÇΓöÇparam nconst list& value
Γöé   ΓööΓöÇΓöÇΓöÇbody
Γöé       ΓööΓöÇΓöÇΓöÇreturn
Γöé           ΓööΓöÇΓöÇΓöÇcall sys__native_list_pop_front(value)
Γö£ΓöÇΓöÇΓöÇfn sys__list_pop_back -> str
Γöé   Γö£ΓöÇΓöÇΓöÇparams
Γöé   Γöé   ΓööΓöÇΓöÇΓöÇparam nconst list& value
Γöé   ΓööΓöÇΓöÇΓöÇbody
Γöé       ΓööΓöÇΓöÇΓöÇreturn
Γöé           ΓööΓöÇΓöÇΓöÇcall sys__native_list_pop_back(value)
Γö£ΓöÇΓöÇΓöÇfn sys__list_front -> str
Γöé   Γö£ΓöÇΓöÇΓöÇparams
Γöé   Γöé   ΓööΓöÇΓöÇΓöÇparam nconst list& value
Γöé   ΓööΓöÇΓöÇΓöÇbody
Γöé       ΓööΓöÇΓöÇΓöÇreturn
Γöé           ΓööΓöÇΓöÇΓöÇcall sys__native_list_front(value)
Γö£ΓöÇΓöÇΓöÇfn sys__list_back -> str
Γöé   Γö£ΓöÇΓöÇΓöÇparams
Γöé   Γöé   ΓööΓöÇΓöÇΓöÇparam nconst list& value
Γöé   ΓööΓöÇΓöÇΓöÇbody
Γöé       ΓööΓöÇΓöÇΓöÇreturn
Γöé           ΓööΓöÇΓöÇΓöÇcall sys__native_list_back(value)
Γö£ΓöÇΓöÇΓöÇfn sys__list_len -> i32
Γöé   Γö£ΓöÇΓöÇΓöÇparams
Γöé   Γöé   ΓööΓöÇΓöÇΓöÇparam nconst list& value
Γöé   ΓööΓöÇΓöÇΓöÇbody
Γöé       ΓööΓöÇΓöÇΓöÇreturn
Γöé           ΓööΓöÇΓöÇΓöÇcall sys__native_list_len(value)
Γö£ΓöÇΓöÇΓöÇfn sys__list_clear -> void
Γöé   Γö£ΓöÇΓöÇΓöÇparams
Γöé   Γöé   ΓööΓöÇΓöÇΓöÇparam nconst list& value
Γöé   ΓööΓöÇΓöÇΓöÇbody
Γöé       ΓööΓöÇΓöÇΓöÇcall sys__native_list_clear(value)
Γö£ΓöÇΓöÇΓöÇfn sys__list_values -> str
Γöé   Γö£ΓöÇΓöÇΓöÇparams
Γöé   Γöé   Γö£ΓöÇΓöÇΓöÇparam nconst list& value
Γöé   Γöé   ΓööΓöÇΓöÇΓöÇparam nconst str& delimiter
Γöé   ΓööΓöÇΓöÇΓöÇbody
Γöé       ΓööΓöÇΓöÇΓöÇreturn
Γöé           ΓööΓöÇΓöÇΓöÇcall sys__native_list_values(value, delimiter)
Γö£ΓöÇΓöÇΓöÇfn sys__ring_buffer_new -> ring_buffer
Γöé   Γö£ΓöÇΓöÇΓöÇparams
Γöé   Γöé   ΓööΓöÇΓöÇΓöÇparam i32 capacity
Γöé   ΓööΓöÇΓöÇΓöÇbody
Γöé       ΓööΓöÇΓöÇΓöÇreturn
Γöé           ΓööΓöÇΓöÇΓöÇcall sys__native_ring_buffer_new(capacity)
Γö£ΓöÇΓöÇΓöÇfn sys__ring_buffer_push_back -> void
Γöé   Γö£ΓöÇΓöÇΓöÇparams
Γöé   Γöé   Γö£ΓöÇΓöÇΓöÇparam nconst ring_buffer& value
Γöé   Γöé   ΓööΓöÇΓöÇΓöÇparam nconst str& item
Γöé   ΓööΓöÇΓöÇΓöÇbody
Γöé       ΓööΓöÇΓöÇΓöÇcall sys__native_ring_buffer_push_back(value, item)
Γö£ΓöÇΓöÇΓöÇfn sys__ring_buffer_push_front -> void
Γöé   Γö£ΓöÇΓöÇΓöÇparams
Γöé   Γöé   Γö£ΓöÇΓöÇΓöÇparam nconst ring_buffer& value
Γöé   Γöé   ΓööΓöÇΓöÇΓöÇparam nconst str& item
Γöé   ΓööΓöÇΓöÇΓöÇbody
Γöé       ΓööΓöÇΓöÇΓöÇcall sys__native_ring_buffer_push_front(value, item)
Γö£ΓöÇΓöÇΓöÇfn sys__ring_buffer_pop_front -> str
Γöé   Γö£ΓöÇΓöÇΓöÇparams
Γöé   Γöé   ΓööΓöÇΓöÇΓöÇparam nconst ring_buffer& value
Γöé   ΓööΓöÇΓöÇΓöÇbody
Γöé       ΓööΓöÇΓöÇΓöÇreturn
Γöé           ΓööΓöÇΓöÇΓöÇcall sys__native_ring_buffer_pop_front(value)
Γö£ΓöÇΓöÇΓöÇfn sys__ring_buffer_pop_back -> str
Γöé   Γö£ΓöÇΓöÇΓöÇparams
Γöé   Γöé   ΓööΓöÇΓöÇΓöÇparam nconst ring_buffer& value
Γöé   ΓööΓöÇΓöÇΓöÇbody
Γöé       ΓööΓöÇΓöÇΓöÇreturn
Γöé           ΓööΓöÇΓöÇΓöÇcall sys__native_ring_buffer_pop_back(value)
Γö£ΓöÇΓöÇΓöÇfn sys__ring_buffer_front -> str
Γöé   Γö£ΓöÇΓöÇΓöÇparams
Γöé   Γöé   ΓööΓöÇΓöÇΓöÇparam nconst ring_buffer& value
Γöé   ΓööΓöÇΓöÇΓöÇbody
Γöé       ΓööΓöÇΓöÇΓöÇreturn
Γöé           ΓööΓöÇΓöÇΓöÇcall sys__native_ring_buffer_front(value)
Γö£ΓöÇΓöÇΓöÇfn sys__ring_buffer_back -> str
Γöé   Γö£ΓöÇΓöÇΓöÇparams
Γöé   Γöé   ΓööΓöÇΓöÇΓöÇparam nconst ring_buffer& value
Γöé   ΓööΓöÇΓöÇΓöÇbody
Γöé       ΓööΓöÇΓöÇΓöÇreturn
Γöé           ΓööΓöÇΓöÇΓöÇcall sys__native_ring_buffer_back(value)
Γö£ΓöÇΓöÇΓöÇfn sys__ring_buffer_len -> i32
Γöé   Γö£ΓöÇΓöÇΓöÇparams
Γöé   Γöé   ΓööΓöÇΓöÇΓöÇparam nconst ring_buffer& value
Γöé   ΓööΓöÇΓöÇΓöÇbody
Γöé       ΓööΓöÇΓöÇΓöÇreturn
Γöé           ΓööΓöÇΓöÇΓöÇcall sys__native_ring_buffer_len(value)
Γö£ΓöÇΓöÇΓöÇfn sys__ring_buffer_capacity -> i32
Γöé   Γö£ΓöÇΓöÇΓöÇparams
Γöé   Γöé   ΓööΓöÇΓöÇΓöÇparam nconst ring_buffer& value
Γöé   ΓööΓöÇΓöÇΓöÇbody
Γöé       ΓööΓöÇΓöÇΓöÇreturn
Γöé           ΓööΓöÇΓöÇΓöÇcall sys__native_ring_buffer_capacity(value)
Γö£ΓöÇΓöÇΓöÇfn sys__ring_buffer_clear -> void
Γöé   Γö£ΓöÇΓöÇΓöÇparams
Γöé   Γöé   ΓööΓöÇΓöÇΓöÇparam nconst ring_buffer& value
Γöé   ΓööΓöÇΓöÇΓöÇbody
Γöé       ΓööΓöÇΓöÇΓöÇcall sys__native_ring_buffer_clear(value)
Γö£ΓöÇΓöÇΓöÇfn sys__ring_buffer_values -> str
Γöé   Γö£ΓöÇΓöÇΓöÇparams
Γöé   Γöé   Γö£ΓöÇΓöÇΓöÇparam nconst ring_buffer& value
Γöé   Γöé   ΓööΓöÇΓöÇΓöÇparam nconst str& delimiter
Γöé   ΓööΓöÇΓöÇΓöÇbody
Γöé       ΓööΓöÇΓöÇΓöÇreturn
Γöé           ΓööΓöÇΓöÇΓöÇcall sys__native_ring_buffer_values(value, delimiter)
Γö£ΓöÇΓöÇΓöÇfn sys__bitvec_new -> bitvec
Γöé   ΓööΓöÇΓöÇΓöÇbody
Γöé       ΓööΓöÇΓöÇΓöÇreturn
Γöé           ΓööΓöÇΓöÇΓöÇcall sys__native_bitvec_new()
Γö£ΓöÇΓöÇΓöÇfn sys__bitvec_push -> void
Γöé   Γö£ΓöÇΓöÇΓöÇparams
Γöé   Γöé   Γö£ΓöÇΓöÇΓöÇparam nconst bitvec& value
Γöé   Γöé   ΓööΓöÇΓöÇΓöÇparam i32 bit
Γöé   ΓööΓöÇΓöÇΓöÇbody
Γöé       ΓööΓöÇΓöÇΓöÇcall sys__native_bitvec_push(value, bit)
Γö£ΓöÇΓöÇΓöÇfn sys__bitvec_get -> i32
Γöé   Γö£ΓöÇΓöÇΓöÇparams
Γöé   Γöé   Γö£ΓöÇΓöÇΓöÇparam nconst bitvec& value
Γöé   Γöé   ΓööΓöÇΓöÇΓöÇparam i32 index
Γöé   ΓööΓöÇΓöÇΓöÇbody
Γöé       ΓööΓöÇΓöÇΓöÇreturn
Γöé           ΓööΓöÇΓöÇΓöÇcall sys__native_bitvec_get(value, index)
Γö£ΓöÇΓöÇΓöÇfn sys__bitvec_set -> void
Γöé   Γö£ΓöÇΓöÇΓöÇparams
Γöé   Γöé   Γö£ΓöÇΓöÇΓöÇparam nconst bitvec& value
Γöé   Γöé   Γö£ΓöÇΓöÇΓöÇparam i32 index
Γöé   Γöé   ΓööΓöÇΓöÇΓöÇparam i32 bit
Γöé   ΓööΓöÇΓöÇΓöÇbody
Γöé       ΓööΓöÇΓöÇΓöÇcall sys__native_bitvec_set(value, index, bit)
Γö£ΓöÇΓöÇΓöÇfn sys__bitvec_len -> i32
Γöé   Γö£ΓöÇΓöÇΓöÇparams
Γöé   Γöé   ΓööΓöÇΓöÇΓöÇparam nconst bitvec& value
Γöé   ΓööΓöÇΓöÇΓöÇbody
Γöé       ΓööΓöÇΓöÇΓöÇreturn
Γöé           ΓööΓöÇΓöÇΓöÇcall sys__native_bitvec_len(value)
Γö£ΓöÇΓöÇΓöÇfn sys__bitvec_count_ones -> i32
Γöé   Γö£ΓöÇΓöÇΓöÇparams
Γöé   Γöé   ΓööΓöÇΓöÇΓöÇparam nconst bitvec& value
Γöé   ΓööΓöÇΓöÇΓöÇbody
Γöé       ΓööΓöÇΓöÇΓöÇreturn
Γöé           ΓööΓöÇΓöÇΓöÇcall sys__native_bitvec_count_ones(value)
Γö£ΓöÇΓöÇΓöÇfn sys__bitvec_clear -> void
Γöé   Γö£ΓöÇΓöÇΓöÇparams
Γöé   Γöé   ΓööΓöÇΓöÇΓöÇparam nconst bitvec& value
Γöé   ΓööΓöÇΓöÇΓöÇbody
Γöé       ΓööΓöÇΓöÇΓöÇcall sys__native_bitvec_clear(value)
Γö£ΓöÇΓöÇΓöÇfn sys__bitvec_text -> str
Γöé   Γö£ΓöÇΓöÇΓöÇparams
Γöé   Γöé   ΓööΓöÇΓöÇΓöÇparam nconst bitvec& value
Γöé   ΓööΓöÇΓöÇΓöÇbody
Γöé       ΓööΓöÇΓöÇΓöÇreturn
Γöé           ΓööΓöÇΓöÇΓöÇcall sys__native_bitvec_text(value)
Γö£ΓöÇΓöÇΓöÇfn sys__multimap_new -> multimap
Γöé   ΓööΓöÇΓöÇΓöÇbody
Γöé       ΓööΓöÇΓöÇΓöÇreturn
Γöé           ΓööΓöÇΓöÇΓöÇcall sys__native_multimap_new()
Γö£ΓöÇΓöÇΓöÇfn sys__multimap_insert -> void
Γöé   Γö£ΓöÇΓöÇΓöÇparams
Γöé   Γöé   Γö£ΓöÇΓöÇΓöÇparam nconst multimap& value
Γöé   Γöé   Γö£ΓöÇΓöÇΓöÇparam nconst str& key
Γöé   Γöé   ΓööΓöÇΓöÇΓöÇparam nconst str& item
Γöé   ΓööΓöÇΓöÇΓöÇbody
Γöé       ΓööΓöÇΓöÇΓöÇcall sys__native_multimap_insert(value, key, item)
Γö£ΓöÇΓöÇΓöÇfn sys__multimap_get_all -> vector
Γöé   Γö£ΓöÇΓöÇΓöÇparams
Γöé   Γöé   Γö£ΓöÇΓöÇΓöÇparam nconst multimap& value
Γöé   Γöé   ΓööΓöÇΓöÇΓöÇparam nconst str& key
Γöé   ΓööΓöÇΓöÇΓöÇbody
Γöé       ΓööΓöÇΓöÇΓöÇreturn
Γöé           ΓööΓöÇΓöÇΓöÇcall sys__native_multimap_get_all(value, key)
Γö£ΓöÇΓöÇΓöÇfn sys__multimap_remove_all -> i32
Γöé   Γö£ΓöÇΓöÇΓöÇparams
Γöé   Γöé   Γö£ΓöÇΓöÇΓöÇparam nconst multimap& value
Γöé   Γöé   ΓööΓöÇΓöÇΓöÇparam nconst str& key
Γöé   ΓööΓöÇΓöÇΓöÇbody
Γöé       ΓööΓöÇΓöÇΓöÇreturn
Γöé           ΓööΓöÇΓöÇΓöÇcall sys__native_multimap_remove_all(value, key)
Γö£ΓöÇΓöÇΓöÇfn sys__multimap_contains_key -> i32
Γöé   Γö£ΓöÇΓöÇΓöÇparams
Γöé   Γöé   Γö£ΓöÇΓöÇΓöÇparam nconst multimap& value
Γöé   Γöé   ΓööΓöÇΓöÇΓöÇparam nconst str& key
Γöé   ΓööΓöÇΓöÇΓöÇbody
Γöé       ΓööΓöÇΓöÇΓöÇreturn
Γöé           ΓööΓöÇΓöÇΓöÇcall sys__native_multimap_contains_key(value, key)
Γö£ΓöÇΓöÇΓöÇfn sys__multimap_len -> i32
Γöé   Γö£ΓöÇΓöÇΓöÇparams
Γöé   Γöé   ΓööΓöÇΓöÇΓöÇparam nconst multimap& value
Γöé   ΓööΓöÇΓöÇΓöÇbody
Γöé       ΓööΓöÇΓöÇΓöÇreturn
Γöé           ΓööΓöÇΓöÇΓöÇcall sys__native_multimap_len(value)
Γö£ΓöÇΓöÇΓöÇfn sys__multimap_clear -> void
Γöé   Γö£ΓöÇΓöÇΓöÇparams
Γöé   Γöé   ΓööΓöÇΓöÇΓöÇparam nconst multimap& value
Γöé   ΓööΓöÇΓöÇΓöÇbody
Γöé       ΓööΓöÇΓöÇΓöÇcall sys__native_multimap_clear(value)
Γö£ΓöÇΓöÇΓöÇfn sys__multimap_entries -> str
Γöé   Γö£ΓöÇΓöÇΓöÇparams
Γöé   Γöé   Γö£ΓöÇΓöÇΓöÇparam nconst multimap& value
Γöé   Γöé   ΓööΓöÇΓöÇΓöÇparam nconst str& delimiter
Γöé   ΓööΓöÇΓöÇΓöÇbody
Γöé       ΓööΓöÇΓöÇΓöÇreturn
Γöé           ΓööΓöÇΓöÇΓöÇcall sys__native_multimap_entries(value, delimiter)
Γö£ΓöÇΓöÇΓöÇfn sys__weak_map_new -> weak_map
Γöé   ΓööΓöÇΓöÇΓöÇbody
Γöé       ΓööΓöÇΓöÇΓöÇreturn
Γöé           ΓööΓöÇΓöÇΓöÇcall sys__native_weak_map_new()
Γö£ΓöÇΓöÇΓöÇfn sys__weak_map_insert -> void
Γöé   Γö£ΓöÇΓöÇΓöÇparams
Γöé   Γöé   Γö£ΓöÇΓöÇΓöÇparam nconst weak_map& value
Γöé   Γöé   Γö£ΓöÇΓöÇΓöÇparam nconst str& key
Γöé   Γöé   ΓööΓöÇΓöÇΓöÇparam nconst str& item
Γöé   ΓööΓöÇΓöÇΓöÇbody
Γöé       ΓööΓöÇΓöÇΓöÇcall sys__native_weak_map_insert(value, key, item)
Γö£ΓöÇΓöÇΓöÇfn sys__weak_map_get -> str
Γöé   Γö£ΓöÇΓöÇΓöÇparams
Γöé   Γöé   Γö£ΓöÇΓöÇΓöÇparam nconst weak_map& value
Γöé   Γöé   ΓööΓöÇΓöÇΓöÇparam nconst str& key
Γöé   ΓööΓöÇΓöÇΓöÇbody
Γöé       ΓööΓöÇΓöÇΓöÇreturn
Γöé           ΓööΓöÇΓöÇΓöÇcall sys__native_weak_map_get(value, key)
Γö£ΓöÇΓöÇΓöÇfn sys__weak_map_remove -> str
Γöé   Γö£ΓöÇΓöÇΓöÇparams
Γöé   Γöé   Γö£ΓöÇΓöÇΓöÇparam nconst weak_map& value
Γöé   Γöé   ΓööΓöÇΓöÇΓöÇparam nconst str& key
Γöé   ΓööΓöÇΓöÇΓöÇbody
Γöé       ΓööΓöÇΓöÇΓöÇreturn
Γöé           ΓööΓöÇΓöÇΓöÇcall sys__native_weak_map_remove(value, key)
Γö£ΓöÇΓöÇΓöÇfn sys__weak_map_contains_key -> i32
Γöé   Γö£ΓöÇΓöÇΓöÇparams
Γöé   Γöé   Γö£ΓöÇΓöÇΓöÇparam nconst weak_map& value
Γöé   Γöé   ΓööΓöÇΓöÇΓöÇparam nconst str& key
Γöé   ΓööΓöÇΓöÇΓöÇbody
Γöé       ΓööΓöÇΓöÇΓöÇreturn
Γöé           ΓööΓöÇΓöÇΓöÇcall sys__native_weak_map_contains_key(value, key)
Γö£ΓöÇΓöÇΓöÇfn sys__weak_map_len -> i32
Γöé   Γö£ΓöÇΓöÇΓöÇparams
Γöé   Γöé   ΓööΓöÇΓöÇΓöÇparam nconst weak_map& value
Γöé   ΓööΓöÇΓöÇΓöÇbody
Γöé       ΓööΓöÇΓöÇΓöÇreturn
Γöé           ΓööΓöÇΓöÇΓöÇcall sys__native_weak_map_len(value)
Γö£ΓöÇΓöÇΓöÇfn sys__weak_map_clear -> void
Γöé   Γö£ΓöÇΓöÇΓöÇparams
Γöé   Γöé   ΓööΓöÇΓöÇΓöÇparam nconst weak_map& value
Γöé   ΓööΓöÇΓöÇΓöÇbody
Γöé       ΓööΓöÇΓöÇΓöÇcall sys__native_weak_map_clear(value)
Γö£ΓöÇΓöÇΓöÇfn sys__lru_cache_new -> lru_cache
Γöé   Γö£ΓöÇΓöÇΓöÇparams
Γöé   Γöé   ΓööΓöÇΓöÇΓöÇparam i32 capacity
Γöé   ΓööΓöÇΓöÇΓöÇbody
Γöé       ΓööΓöÇΓöÇΓöÇreturn
Γöé           ΓööΓöÇΓöÇΓöÇcall sys__native_lru_cache_new(capacity)
Γö£ΓöÇΓöÇΓöÇfn sys__lru_cache_put -> void
Γöé   Γö£ΓöÇΓöÇΓöÇparams
Γöé   Γöé   Γö£ΓöÇΓöÇΓöÇparam nconst lru_cache& value
Γöé   Γöé   Γö£ΓöÇΓöÇΓöÇparam nconst str& key
Γöé   Γöé   ΓööΓöÇΓöÇΓöÇparam nconst str& item
Γöé   ΓööΓöÇΓöÇΓöÇbody
Γöé       ΓööΓöÇΓöÇΓöÇcall sys__native_lru_cache_put(value, key, item)
Γö£ΓöÇΓöÇΓöÇfn sys__lru_cache_get -> str
Γöé   Γö£ΓöÇΓöÇΓöÇparams
Γöé   Γöé   Γö£ΓöÇΓöÇΓöÇparam nconst lru_cache& value
Γöé   Γöé   ΓööΓöÇΓöÇΓöÇparam nconst str& key
Γöé   ΓööΓöÇΓöÇΓöÇbody
Γöé       ΓööΓöÇΓöÇΓöÇreturn
Γöé           ΓööΓöÇΓöÇΓöÇcall sys__native_lru_cache_get(value, key)
Γö£ΓöÇΓöÇΓöÇfn sys__lru_cache_contains_key -> i32
Γöé   Γö£ΓöÇΓöÇΓöÇparams
Γöé   Γöé   Γö£ΓöÇΓöÇΓöÇparam nconst lru_cache& value
Γöé   Γöé   ΓööΓöÇΓöÇΓöÇparam nconst str& key
Γöé   ΓööΓöÇΓöÇΓöÇbody
Γöé       ΓööΓöÇΓöÇΓöÇreturn
Γöé           ΓööΓöÇΓöÇΓöÇcall sys__native_lru_cache_contains_key(value, key)
Γö£ΓöÇΓöÇΓöÇfn sys__lru_cache_len -> i32
Γöé   Γö£ΓöÇΓöÇΓöÇparams
Γöé   Γöé   ΓööΓöÇΓöÇΓöÇparam nconst lru_cache& value
Γöé   ΓööΓöÇΓöÇΓöÇbody
Γöé       ΓööΓöÇΓöÇΓöÇreturn
Γöé           ΓööΓöÇΓöÇΓöÇcall sys__native_lru_cache_len(value)
Γö£ΓöÇΓöÇΓöÇfn sys__lru_cache_clear -> void
Γöé   Γö£ΓöÇΓöÇΓöÇparams
Γöé   Γöé   ΓööΓöÇΓöÇΓöÇparam nconst lru_cache& value
Γöé   ΓööΓöÇΓöÇΓöÇbody
Γöé       ΓööΓöÇΓöÇΓöÇcall sys__native_lru_cache_clear(value)
Γö£ΓöÇΓöÇΓöÇfn sys__lru_cache_keys -> str
Γöé   Γö£ΓöÇΓöÇΓöÇparams
Γöé   Γöé   Γö£ΓöÇΓöÇΓöÇparam nconst lru_cache& value
Γöé   Γöé   ΓööΓöÇΓöÇΓöÇparam nconst str& delimiter
Γöé   ΓööΓöÇΓöÇΓöÇbody
Γöé       ΓööΓöÇΓöÇΓöÇreturn
Γöé           ΓööΓöÇΓöÇΓöÇcall sys__native_lru_cache_keys(value, delimiter)
Γö£ΓöÇΓöÇΓöÇfn sys__enum_set_new -> enum_set
Γöé   ΓööΓöÇΓöÇΓöÇbody
Γöé       ΓööΓöÇΓöÇΓöÇreturn
Γöé           ΓööΓöÇΓöÇΓöÇcall sys__native_enum_set_new()
Γö£ΓöÇΓöÇΓöÇfn sys__enum_set_insert -> i32
Γöé   Γö£ΓöÇΓöÇΓöÇparams
Γöé   Γöé   Γö£ΓöÇΓöÇΓöÇparam nconst enum_set& value
Γöé   Γöé   ΓööΓöÇΓöÇΓöÇparam nconst str& item
Γöé   ΓööΓöÇΓöÇΓöÇbody
Γöé       ΓööΓöÇΓöÇΓöÇreturn
Γöé           ΓööΓöÇΓöÇΓöÇcall sys__native_enum_set_insert(value, item)
Γö£ΓöÇΓöÇΓöÇfn sys__enum_set_remove -> i32
Γöé   Γö£ΓöÇΓöÇΓöÇparams
Γöé   Γöé   Γö£ΓöÇΓöÇΓöÇparam nconst enum_set& value
Γöé   Γöé   ΓööΓöÇΓöÇΓöÇparam nconst str& item
Γöé   ΓööΓöÇΓöÇΓöÇbody
Γöé       ΓööΓöÇΓöÇΓöÇreturn
Γöé           ΓööΓöÇΓöÇΓöÇcall sys__native_enum_set_remove(value, item)
Γö£ΓöÇΓöÇΓöÇfn sys__enum_set_contains -> i32
Γöé   Γö£ΓöÇΓöÇΓöÇparams
Γöé   Γöé   Γö£ΓöÇΓöÇΓöÇparam nconst enum_set& value
Γöé   Γöé   ΓööΓöÇΓöÇΓöÇparam nconst str& item
Γöé   ΓööΓöÇΓöÇΓöÇbody
Γöé       ΓööΓöÇΓöÇΓöÇreturn
Γöé           ΓööΓöÇΓöÇΓöÇcall sys__native_enum_set_contains(value, item)
Γö£ΓöÇΓöÇΓöÇfn sys__enum_set_len -> i32
Γöé   Γö£ΓöÇΓöÇΓöÇparams
Γöé   Γöé   ΓööΓöÇΓöÇΓöÇparam nconst enum_set& value
Γöé   ΓööΓöÇΓöÇΓöÇbody
Γöé       ΓööΓöÇΓöÇΓöÇreturn
Γöé           ΓööΓöÇΓöÇΓöÇcall sys__native_enum_set_len(value)
Γö£ΓöÇΓöÇΓöÇfn sys__enum_set_clear -> void
Γöé   Γö£ΓöÇΓöÇΓöÇparams
Γöé   Γöé   ΓööΓöÇΓöÇΓöÇparam nconst enum_set& value
Γöé   ΓööΓöÇΓöÇΓöÇbody
Γöé       ΓööΓöÇΓöÇΓöÇcall sys__native_enum_set_clear(value)
Γö£ΓöÇΓöÇΓöÇfn sys__enum_set_values -> str
Γöé   Γö£ΓöÇΓöÇΓöÇparams
Γöé   Γöé   Γö£ΓöÇΓöÇΓöÇparam nconst enum_set& value
Γöé   Γöé   ΓööΓöÇΓöÇΓöÇparam nconst str& delimiter
Γöé   ΓööΓöÇΓöÇΓöÇbody
Γöé       ΓööΓöÇΓöÇΓöÇreturn
Γöé           ΓööΓöÇΓöÇΓöÇcall sys__native_enum_set_values(value, delimiter)
Γö£ΓöÇΓöÇΓöÇfn sys__grid2d_new -> grid2d
Γöé   Γö£ΓöÇΓöÇΓöÇparams
Γöé   Γöé   Γö£ΓöÇΓöÇΓöÇparam i32 rows
Γöé   Γöé   Γö£ΓöÇΓöÇΓöÇparam i32 cols
Γöé   Γöé   ΓööΓöÇΓöÇΓöÇparam nconst str& fill_value
Γöé   ΓööΓöÇΓöÇΓöÇbody
Γöé       ΓööΓöÇΓöÇΓöÇreturn
Γöé           ΓööΓöÇΓöÇΓöÇcall sys__native_grid2d_new(rows, cols, fill_value)
Γö£ΓöÇΓöÇΓöÇfn sys__grid2d_rows -> i32
Γöé   Γö£ΓöÇΓöÇΓöÇparams
Γöé   Γöé   ΓööΓöÇΓöÇΓöÇparam nconst grid2d& value
Γöé   ΓööΓöÇΓöÇΓöÇbody
Γöé       ΓööΓöÇΓöÇΓöÇreturn
Γöé           ΓööΓöÇΓöÇΓöÇcall sys__native_grid2d_rows(value)
Γö£ΓöÇΓöÇΓöÇfn sys__grid2d_cols -> i32
Γöé   Γö£ΓöÇΓöÇΓöÇparams
Γöé   Γöé   ΓööΓöÇΓöÇΓöÇparam nconst grid2d& value
Γöé   ΓööΓöÇΓöÇΓöÇbody
Γöé       ΓööΓöÇΓöÇΓöÇreturn
Γöé           ΓööΓöÇΓöÇΓöÇcall sys__native_grid2d_cols(value)
Γö£ΓöÇΓöÇΓöÇfn sys__grid2d_get -> str
Γöé   Γö£ΓöÇΓöÇΓöÇparams
Γöé   Γöé   Γö£ΓöÇΓöÇΓöÇparam nconst grid2d& value
Γöé   Γöé   Γö£ΓöÇΓöÇΓöÇparam i32 row
Γöé   Γöé   ΓööΓöÇΓöÇΓöÇparam i32 col
Γöé   ΓööΓöÇΓöÇΓöÇbody
Γöé       ΓööΓöÇΓöÇΓöÇreturn
Γöé           ΓööΓöÇΓöÇΓöÇcall sys__native_grid2d_get(value, row, col)
Γö£ΓöÇΓöÇΓöÇfn sys__grid2d_set -> void
Γöé   Γö£ΓöÇΓöÇΓöÇparams
Γöé   Γöé   Γö£ΓöÇΓöÇΓöÇparam nconst grid2d& value
Γöé   Γöé   Γö£ΓöÇΓöÇΓöÇparam i32 row
Γöé   Γöé   Γö£ΓöÇΓöÇΓöÇparam i32 col
Γöé   Γöé   ΓööΓöÇΓöÇΓöÇparam nconst str& item
Γöé   ΓööΓöÇΓöÇΓöÇbody
Γöé       ΓööΓöÇΓöÇΓöÇcall sys__native_grid2d_set(value, row, col, item)
Γö£ΓöÇΓöÇΓöÇfn sys__grid2d_fill -> void
Γöé   Γö£ΓöÇΓöÇΓöÇparams
Γöé   Γöé   Γö£ΓöÇΓöÇΓöÇparam nconst grid2d& value
Γöé   Γöé   ΓööΓöÇΓöÇΓöÇparam nconst str& item
Γöé   ΓööΓöÇΓöÇΓöÇbody
Γöé       ΓööΓöÇΓöÇΓöÇcall sys__native_grid2d_fill(value, item)
Γö£ΓöÇΓöÇΓöÇfn sys__grid2d_row_text -> str
Γöé   Γö£ΓöÇΓöÇΓöÇparams
Γöé   Γöé   Γö£ΓöÇΓöÇΓöÇparam nconst grid2d& value
Γöé   Γöé   Γö£ΓöÇΓöÇΓöÇparam i32 row
Γöé   Γöé   ΓööΓöÇΓöÇΓöÇparam nconst str& delimiter
Γöé   ΓööΓöÇΓöÇΓöÇbody
Γöé       ΓööΓöÇΓöÇΓöÇreturn
Γöé           ΓööΓöÇΓöÇΓöÇcall sys__native_grid2d_row_text(value, row, delimiter)
Γö£ΓöÇΓöÇΓöÇunsafe-block
Γö£ΓöÇΓöÇΓöÇfn sys__require -> i32
Γöé   Γö£ΓöÇΓöÇΓöÇparams
Γöé   Γöé   Γö£ΓöÇΓöÇΓöÇparam i32 condition
Γöé   Γöé   ΓööΓöÇΓöÇΓöÇparam str message
Γöé   ΓööΓöÇΓöÇΓöÇbody
Γöé       Γö£ΓöÇΓöÇΓöÇif
Γöé       Γöé   Γö£ΓöÇΓöÇΓöÇcond: eq ==
Γöé       Γöé   Γöé   Γö£ΓöÇΓöÇΓöÇid condition
Γöé       Γöé   Γöé   ΓööΓöÇΓöÇΓöÇint 0
Γöé       Γöé   ΓööΓöÇΓöÇΓöÇthen
Γöé       Γöé       Γö£ΓöÇΓöÇΓöÇprint
Γöé       Γöé       Γöé   ΓööΓöÇΓöÇΓöÇstring "assertion failed: ${message}"
Γöé       Γöé       ΓööΓöÇΓöÇΓöÇreturn
Γöé       Γöé           ΓööΓöÇΓöÇΓöÇint 0
Γöé       ΓööΓöÇΓöÇΓöÇreturn
Γöé           ΓööΓöÇΓöÇΓöÇint 1
Γö£ΓöÇΓöÇΓöÇfn sys__require_equal -> i32
Γöé   Γö£ΓöÇΓöÇΓöÇparams
Γöé   Γöé   Γö£ΓöÇΓöÇΓöÇparam i32 left
Γöé   Γöé   Γö£ΓöÇΓöÇΓöÇparam i32 right
Γöé   Γöé   ΓööΓöÇΓöÇΓöÇparam str label
Γöé   ΓööΓöÇΓöÇΓöÇbody
Γöé       Γö£ΓöÇΓöÇΓöÇif
Γöé       Γöé   Γö£ΓöÇΓöÇΓöÇcond: eq !=
Γöé       Γöé   Γöé   Γö£ΓöÇΓöÇΓöÇid left
Γöé       Γöé   Γöé   ΓööΓöÇΓöÇΓöÇid right
Γöé       Γöé   ΓööΓöÇΓöÇΓöÇthen
Γöé       Γöé       Γö£ΓöÇΓöÇΓöÇprint
Γöé       Γöé       Γöé   ΓööΓöÇΓöÇΓöÇstring "${label}: ${left} != ${right}"
Γöé       Γöé       ΓööΓöÇΓöÇΓöÇreturn
Γöé       Γöé           ΓööΓöÇΓöÇΓöÇint 0
Γöé       ΓööΓöÇΓöÇΓöÇreturn
Γöé           ΓööΓöÇΓöÇΓöÇint 1
Γö£ΓöÇΓöÇΓöÇfn sys__require_nonzero -> i32
Γöé   Γö£ΓöÇΓöÇΓöÇparams
Γöé   Γöé   Γö£ΓöÇΓöÇΓöÇparam i32 value
Γöé   Γöé   ΓööΓöÇΓöÇΓöÇparam str label
Γöé   ΓööΓöÇΓöÇΓöÇbody
Γöé       Γö£ΓöÇΓöÇΓöÇif
Γöé       Γöé   Γö£ΓöÇΓöÇΓöÇcond: eq ==
Γöé       Γöé   Γöé   Γö£ΓöÇΓöÇΓöÇid value
Γöé       Γöé   Γöé   ΓööΓöÇΓöÇΓöÇint 0
Γöé       Γöé   ΓööΓöÇΓöÇΓöÇthen
Γöé       Γöé       Γö£ΓöÇΓöÇΓöÇprint
Γöé       Γöé       Γöé   ΓööΓöÇΓöÇΓöÇstring "${label}: expected non-zero"
Γöé       Γöé       ΓööΓöÇΓöÇΓöÇreturn
Γöé       Γöé           ΓööΓöÇΓöÇΓöÇint 0
Γöé       ΓööΓöÇΓöÇΓöÇreturn
Γöé           ΓööΓöÇΓöÇΓöÇid value
Γö£ΓöÇΓöÇΓöÇfn sys__buffer -> buffer
Γöé   ΓööΓöÇΓöÇΓöÇbody
Γöé       ΓööΓöÇΓöÇΓöÇreturn
Γöé           ΓööΓöÇΓöÇΓöÇcall sys__native_buffer()
Γö£ΓöÇΓöÇΓöÇfn sys__buffer_push_str -> void
Γöé   Γö£ΓöÇΓöÇΓöÇparams
Γöé   Γöé   Γö£ΓöÇΓöÇΓöÇparam nconst buffer& value
Γöé   Γöé   ΓööΓöÇΓöÇΓöÇparam nconst str& text
Γöé   ΓööΓöÇΓöÇΓöÇbody
Γöé       ΓööΓöÇΓöÇΓöÇcall sys__native_buffer_push_str(value, text)
Γö£ΓöÇΓöÇΓöÇfn sys__buffer_push_i32 -> void
Γöé   Γö£ΓöÇΓöÇΓöÇparams
Γöé   Γöé   Γö£ΓöÇΓöÇΓöÇparam nconst buffer& value
Γöé   Γöé   ΓööΓöÇΓöÇΓöÇparam i32 number
Γöé   ΓööΓöÇΓöÇΓöÇbody
Γöé       ΓööΓöÇΓöÇΓöÇcall sys__native_buffer_push_i32(value, number)
Γö£ΓöÇΓöÇΓöÇfn sys__buffer_text -> str
Γöé   Γö£ΓöÇΓöÇΓöÇparams
Γöé   Γöé   ΓööΓöÇΓöÇΓöÇparam nconst buffer& value
Γöé   ΓööΓöÇΓöÇΓöÇbody
Γöé       ΓööΓöÇΓöÇΓöÇreturn
Γöé           ΓööΓöÇΓöÇΓöÇcall sys__native_buffer_text(value)
Γö£ΓöÇΓöÇΓöÇfn sys__buffer_clear -> void
Γöé   Γö£ΓöÇΓöÇΓöÇparams
Γöé   Γöé   ΓööΓöÇΓöÇΓöÇparam nconst buffer& value
Γöé   ΓööΓöÇΓöÇΓöÇbody
Γöé       ΓööΓöÇΓöÇΓöÇcall sys__native_buffer_clear(value)
Γö£ΓöÇΓöÇΓöÇunsafe-block
Γö£ΓöÇΓöÇΓöÇmemstruct DefaultAllocator
Γöé   ΓööΓöÇΓöÇΓöÇbody
Γöé       Γö£ΓöÇΓöÇΓöÇfield str label
Γöé       Γö£ΓöÇΓöÇΓöÇfield str strategy
Γöé       Γö£ΓöÇΓöÇΓöÇfield i32 default_block_bytes
Γöé       Γö£ΓöÇΓöÇΓöÇfield bool thread_safe
Γöé       Γö£ΓöÇΓöÇΓöÇfield bool relocatable
Γöé       Γö£ΓöÇΓöÇΓöÇfield str last_type
Γöé       Γö£ΓöÇΓöÇΓöÇfield i32 allocation_count
Γöé       Γö£ΓöÇΓöÇΓöÇfield i32 release_count
Γöé       Γö£ΓöÇΓöÇΓöÇfield i32 reserved_bytes
Γöé       Γö£ΓöÇΓöÇΓöÇfield i32 peak_bytes
Γöé       Γö£ΓöÇΓöÇΓöÇmethod i32 alloc
Γöé       Γöé   Γö£ΓöÇΓöÇΓöÇparams
Γöé       Γöé   Γöé   Γö£ΓöÇΓöÇΓöÇparam str type_name
Γöé       Γöé   Γöé   ΓööΓöÇΓöÇΓöÇparam i32 requested_bytes
Γöé       Γöé   ΓööΓöÇΓöÇΓöÇbody
Γöé       Γöé       Γö£ΓöÇΓöÇΓöÇassign last_type
Γöé       Γöé       Γöé   ΓööΓöÇΓöÇΓöÇvalue: id type_name
Γöé       Γöé       Γö£ΓöÇΓöÇΓöÇassign allocation_count
Γöé       Γöé       Γöé   ΓööΓöÇΓöÇΓöÇvalue: binop +- +
Γöé       Γöé       Γöé       Γö£ΓöÇΓöÇΓöÇid allocation_count
Γöé       Γöé       Γöé       ΓööΓöÇΓöÇΓöÇint 1
Γöé       Γöé       Γö£ΓöÇΓöÇΓöÇassign reserved_bytes
Γöé       Γöé       Γöé   ΓööΓöÇΓöÇΓöÇvalue: binop +- +
Γöé       Γöé       Γöé       Γö£ΓöÇΓöÇΓöÇid reserved_bytes
Γöé       Γöé       Γöé       ΓööΓöÇΓöÇΓöÇid requested_bytes
Γöé       Γöé       Γö£ΓöÇΓöÇΓöÇif
Γöé       Γöé       Γöé   Γö£ΓöÇΓöÇΓöÇcond: cmp >
Γöé       Γöé       Γöé   Γöé   Γö£ΓöÇΓöÇΓöÇid reserved_bytes
Γöé       Γöé       Γöé   Γöé   ΓööΓöÇΓöÇΓöÇid peak_bytes
Γöé       Γöé       Γöé   ΓööΓöÇΓöÇΓöÇthen
Γöé       Γöé       Γöé       ΓööΓöÇΓöÇΓöÇassign peak_bytes
Γöé       Γöé       Γöé           ΓööΓöÇΓöÇΓöÇvalue: id reserved_bytes
Γöé       Γöé       ΓööΓöÇΓöÇΓöÇreturn
Γöé       Γöé           ΓööΓöÇΓöÇΓöÇid requested_bytes
Γöé       Γö£ΓöÇΓöÇΓöÇmethod i32 resize
Γöé       Γöé   Γö£ΓöÇΓöÇΓöÇparams
Γöé       Γöé   Γöé   Γö£ΓöÇΓöÇΓöÇparam str type_name
Γöé       Γöé   Γöé   Γö£ΓöÇΓöÇΓöÇparam i32 previous_bytes
Γöé       Γöé   Γöé   ΓööΓöÇΓöÇΓöÇparam i32 requested_bytes
Γöé       Γöé   ΓööΓöÇΓöÇΓöÇbody
Γöé       Γöé       Γö£ΓöÇΓöÇΓöÇassign last_type
Γöé       Γöé       Γöé   ΓööΓöÇΓöÇΓöÇvalue: id type_name
Γöé       Γöé       Γö£ΓöÇΓöÇΓöÇassign reserved_bytes
Γöé       Γöé       Γöé   ΓööΓöÇΓöÇΓöÇvalue: binop +- -,+
Γöé       Γöé       Γöé       Γö£ΓöÇΓöÇΓöÇid reserved_bytes
Γöé       Γöé       Γöé       Γö£ΓöÇΓöÇΓöÇid previous_bytes
Γöé       Γöé       Γöé       ΓööΓöÇΓöÇΓöÇid requested_bytes
Γöé       Γöé       Γö£ΓöÇΓöÇΓöÇif
Γöé       Γöé       Γöé   Γö£ΓöÇΓöÇΓöÇcond: cmp <
Γöé       Γöé       Γöé   Γöé   Γö£ΓöÇΓöÇΓöÇid reserved_bytes
Γöé       Γöé       Γöé   Γöé   ΓööΓöÇΓöÇΓöÇint 0
Γöé       Γöé       Γöé   ΓööΓöÇΓöÇΓöÇthen
Γöé       Γöé       Γöé       ΓööΓöÇΓöÇΓöÇassign reserved_bytes
Γöé       Γöé       Γöé           ΓööΓöÇΓöÇΓöÇvalue: int 0
Γöé       Γöé       Γö£ΓöÇΓöÇΓöÇif
Γöé       Γöé       Γöé   Γö£ΓöÇΓöÇΓöÇcond: cmp >
Γöé       Γöé       Γöé   Γöé   Γö£ΓöÇΓöÇΓöÇid reserved_bytes
Γöé       Γöé       Γöé   Γöé   ΓööΓöÇΓöÇΓöÇid peak_bytes
Γöé       Γöé       Γöé   ΓööΓöÇΓöÇΓöÇthen
Γöé       Γöé       Γöé       ΓööΓöÇΓöÇΓöÇassign peak_bytes
Γöé       Γöé       Γöé           ΓööΓöÇΓöÇΓöÇvalue: id reserved_bytes
Γöé       Γöé       ΓööΓöÇΓöÇΓöÇreturn
Γöé       Γöé           ΓööΓöÇΓöÇΓöÇid requested_bytes
Γöé       Γö£ΓöÇΓöÇΓöÇmethod i32 remap
Γöé       Γöé   Γö£ΓöÇΓöÇΓöÇparams
Γöé       Γöé   Γöé   Γö£ΓöÇΓöÇΓöÇparam str type_name
Γöé       Γöé   Γöé   Γö£ΓöÇΓöÇΓöÇparam i32 previous_bytes
Γöé       Γöé   Γöé   ΓööΓöÇΓöÇΓöÇparam i32 requested_bytes
Γöé       Γöé   ΓööΓöÇΓöÇΓöÇbody
Γöé       Γöé       ΓööΓöÇΓöÇΓöÇreturn
Γöé       Γöé           ΓööΓöÇΓöÇΓöÇcall resize(type_name, previous_bytes, requested_bytes)
Γöé       ΓööΓöÇΓöÇΓöÇmethod i32 free
Γöé           Γö£ΓöÇΓöÇΓöÇparams
Γöé           Γöé   Γö£ΓöÇΓöÇΓöÇparam str type_name
Γöé           Γöé   ΓööΓöÇΓöÇΓöÇparam i32 released_bytes
Γöé           ΓööΓöÇΓöÇΓöÇbody
Γöé               Γö£ΓöÇΓöÇΓöÇassign last_type
Γöé               Γöé   ΓööΓöÇΓöÇΓöÇvalue: id type_name
Γöé               Γö£ΓöÇΓöÇΓöÇassign release_count
Γöé               Γöé   ΓööΓöÇΓöÇΓöÇvalue: binop +- +
Γöé               Γöé       Γö£ΓöÇΓöÇΓöÇid release_count
Γöé               Γöé       ΓööΓöÇΓöÇΓöÇint 1
Γöé               Γö£ΓöÇΓöÇΓöÇassign reserved_bytes
Γöé               Γöé   ΓööΓöÇΓöÇΓöÇvalue: binop +- -
Γöé               Γöé       Γö£ΓöÇΓöÇΓöÇid reserved_bytes
Γöé               Γöé       ΓööΓöÇΓöÇΓöÇid released_bytes
Γöé               Γö£ΓöÇΓöÇΓöÇif
Γöé               Γöé   Γö£ΓöÇΓöÇΓöÇcond: cmp <
Γöé               Γöé   Γöé   Γö£ΓöÇΓöÇΓöÇid reserved_bytes
Γöé               Γöé   Γöé   ΓööΓöÇΓöÇΓöÇint 0
Γöé               Γöé   ΓööΓöÇΓöÇΓöÇthen
Γöé               Γöé       ΓööΓöÇΓöÇΓöÇassign reserved_bytes
Γöé               Γöé           ΓööΓöÇΓöÇΓöÇvalue: int 0
Γöé               ΓööΓöÇΓöÇΓöÇreturn
Γöé                   ΓööΓöÇΓöÇΓöÇid reserved_bytes
Γö£ΓöÇΓöÇΓöÇmemstruct GeneralPurposeAllocator
Γöé   ΓööΓöÇΓöÇΓöÇbody
Γöé       Γö£ΓöÇΓöÇΓöÇfield str label
Γöé       Γö£ΓöÇΓöÇΓöÇfield str strategy
Γöé       Γö£ΓöÇΓöÇΓöÇfield i32 default_block_bytes
Γöé       Γö£ΓöÇΓöÇΓöÇfield bool thread_safe
Γöé       Γö£ΓöÇΓöÇΓöÇfield bool relocatable
Γöé       Γö£ΓöÇΓöÇΓöÇfield str last_type
Γöé       Γö£ΓöÇΓöÇΓöÇfield i32 allocation_count
Γöé       Γö£ΓöÇΓöÇΓöÇfield i32 release_count
Γöé       Γö£ΓöÇΓöÇΓöÇfield i32 reserved_bytes
Γöé       Γö£ΓöÇΓöÇΓöÇfield i32 peak_bytes
Γöé       Γö£ΓöÇΓöÇΓöÇmethod i32 alloc
Γöé       Γöé   Γö£ΓöÇΓöÇΓöÇparams
Γöé       Γöé   Γöé   Γö£ΓöÇΓöÇΓöÇparam str type_name
Γöé       Γöé   Γöé   ΓööΓöÇΓöÇΓöÇparam i32 requested_bytes
Γöé       Γöé   ΓööΓöÇΓöÇΓöÇbody
Γöé       Γöé       Γö£ΓöÇΓöÇΓöÇassign last_type
Γöé       Γöé       Γöé   ΓööΓöÇΓöÇΓöÇvalue: id type_name
Γöé       Γöé       Γö£ΓöÇΓöÇΓöÇassign allocation_count
Γöé       Γöé       Γöé   ΓööΓöÇΓöÇΓöÇvalue: binop +- +
Γöé       Γöé       Γöé       Γö£ΓöÇΓöÇΓöÇid allocation_count
Γöé       Γöé       Γöé       ΓööΓöÇΓöÇΓöÇint 1
Γöé       Γöé       Γö£ΓöÇΓöÇΓöÇassign reserved_bytes
Γöé       Γöé       Γöé   ΓööΓöÇΓöÇΓöÇvalue: binop +- +
Γöé       Γöé       Γöé       Γö£ΓöÇΓöÇΓöÇid reserved_bytes
Γöé       Γöé       Γöé       ΓööΓöÇΓöÇΓöÇid requested_bytes
Γöé       Γöé       Γö£ΓöÇΓöÇΓöÇif
Γöé       Γöé       Γöé   Γö£ΓöÇΓöÇΓöÇcond: cmp >
Γöé       Γöé       Γöé   Γöé   Γö£ΓöÇΓöÇΓöÇid reserved_bytes
Γöé       Γöé       Γöé   Γöé   ΓööΓöÇΓöÇΓöÇid peak_bytes
Γöé       Γöé       Γöé   ΓööΓöÇΓöÇΓöÇthen
Γöé       Γöé       Γöé       ΓööΓöÇΓöÇΓöÇassign peak_bytes
Γöé       Γöé       Γöé           ΓööΓöÇΓöÇΓöÇvalue: id reserved_bytes
Γöé       Γöé       ΓööΓöÇΓöÇΓöÇreturn
Γöé       Γöé           ΓööΓöÇΓöÇΓöÇid requested_bytes
Γöé       Γö£ΓöÇΓöÇΓöÇmethod i32 resize
Γöé       Γöé   Γö£ΓöÇΓöÇΓöÇparams
Γöé       Γöé   Γöé   Γö£ΓöÇΓöÇΓöÇparam str type_name
Γöé       Γöé   Γöé   Γö£ΓöÇΓöÇΓöÇparam i32 previous_bytes
Γöé       Γöé   Γöé   ΓööΓöÇΓöÇΓöÇparam i32 requested_bytes
Γöé       Γöé   ΓööΓöÇΓöÇΓöÇbody
Γöé       Γöé       Γö£ΓöÇΓöÇΓöÇassign last_type
Γöé       Γöé       Γöé   ΓööΓöÇΓöÇΓöÇvalue: id type_name
Γöé       Γöé       Γö£ΓöÇΓöÇΓöÇassign reserved_bytes
Γöé       Γöé       Γöé   ΓööΓöÇΓöÇΓöÇvalue: binop +- -,+
Γöé       Γöé       Γöé       Γö£ΓöÇΓöÇΓöÇid reserved_bytes
Γöé       Γöé       Γöé       Γö£ΓöÇΓöÇΓöÇid previous_bytes
Γöé       Γöé       Γöé       ΓööΓöÇΓöÇΓöÇid requested_bytes
Γöé       Γöé       Γö£ΓöÇΓöÇΓöÇif
Γöé       Γöé       Γöé   Γö£ΓöÇΓöÇΓöÇcond: cmp <
Γöé       Γöé       Γöé   Γöé   Γö£ΓöÇΓöÇΓöÇid reserved_bytes
Γöé       Γöé       Γöé   Γöé   ΓööΓöÇΓöÇΓöÇint 0
Γöé       Γöé       Γöé   ΓööΓöÇΓöÇΓöÇthen
Γöé       Γöé       Γöé       ΓööΓöÇΓöÇΓöÇassign reserved_bytes
Γöé       Γöé       Γöé           ΓööΓöÇΓöÇΓöÇvalue: int 0
Γöé       Γöé       Γö£ΓöÇΓöÇΓöÇif
Γöé       Γöé       Γöé   Γö£ΓöÇΓöÇΓöÇcond: cmp >
Γöé       Γöé       Γöé   Γöé   Γö£ΓöÇΓöÇΓöÇid reserved_bytes
Γöé       Γöé       Γöé   Γöé   ΓööΓöÇΓöÇΓöÇid peak_bytes
Γöé       Γöé       Γöé   ΓööΓöÇΓöÇΓöÇthen
Γöé       Γöé       Γöé       ΓööΓöÇΓöÇΓöÇassign peak_bytes
Γöé       Γöé       Γöé           ΓööΓöÇΓöÇΓöÇvalue: id reserved_bytes
Γöé       Γöé       ΓööΓöÇΓöÇΓöÇreturn
Γöé       Γöé           ΓööΓöÇΓöÇΓöÇid requested_bytes
Γöé       Γö£ΓöÇΓöÇΓöÇmethod i32 remap
Γöé       Γöé   Γö£ΓöÇΓöÇΓöÇparams
Γöé       Γöé   Γöé   Γö£ΓöÇΓöÇΓöÇparam str type_name
Γöé       Γöé   Γöé   Γö£ΓöÇΓöÇΓöÇparam i32 previous_bytes
Γöé       Γöé   Γöé   ΓööΓöÇΓöÇΓöÇparam i32 requested_bytes
Γöé       Γöé   ΓööΓöÇΓöÇΓöÇbody
Γöé       Γöé       ΓööΓöÇΓöÇΓöÇreturn
Γöé       Γöé           ΓööΓöÇΓöÇΓöÇcall resize(type_name, previous_bytes, requested_bytes)
Γöé       ΓööΓöÇΓöÇΓöÇmethod i32 free
Γöé           Γö£ΓöÇΓöÇΓöÇparams
Γöé           Γöé   Γö£ΓöÇΓöÇΓöÇparam str type_name
Γöé           Γöé   ΓööΓöÇΓöÇΓöÇparam i32 released_bytes
Γöé           ΓööΓöÇΓöÇΓöÇbody
Γöé               Γö£ΓöÇΓöÇΓöÇassign last_type
Γöé               Γöé   ΓööΓöÇΓöÇΓöÇvalue: id type_name
Γöé               Γö£ΓöÇΓöÇΓöÇassign release_count
Γöé               Γöé   ΓööΓöÇΓöÇΓöÇvalue: binop +- +
Γöé               Γöé       Γö£ΓöÇΓöÇΓöÇid release_count
Γöé               Γöé       ΓööΓöÇΓöÇΓöÇint 1
Γöé               Γö£ΓöÇΓöÇΓöÇassign reserved_bytes
Γöé               Γöé   ΓööΓöÇΓöÇΓöÇvalue: binop +- -
Γöé               Γöé       Γö£ΓöÇΓöÇΓöÇid reserved_bytes
Γöé               Γöé       ΓööΓöÇΓöÇΓöÇid released_bytes
Γöé               Γö£ΓöÇΓöÇΓöÇif
Γöé               Γöé   Γö£ΓöÇΓöÇΓöÇcond: cmp <
Γöé               Γöé   Γöé   Γö£ΓöÇΓöÇΓöÇid reserved_bytes
Γöé               Γöé   Γöé   ΓööΓöÇΓöÇΓöÇint 0
Γöé               Γöé   ΓööΓöÇΓöÇΓöÇthen
Γöé               Γöé       ΓööΓöÇΓöÇΓöÇassign reserved_bytes
Γöé               Γöé           ΓööΓöÇΓöÇΓöÇvalue: int 0
Γöé               ΓööΓöÇΓöÇΓöÇreturn
Γöé                   ΓööΓöÇΓöÇΓöÇid reserved_bytes
Γö£ΓöÇΓöÇΓöÇmemstruct ArenaAllocator
Γöé   ΓööΓöÇΓöÇΓöÇbody
Γöé       Γö£ΓöÇΓöÇΓöÇfield str label
Γöé       Γö£ΓöÇΓöÇΓöÇfield str strategy
Γöé       Γö£ΓöÇΓöÇΓöÇfield i32 default_block_bytes
Γöé       Γö£ΓöÇΓöÇΓöÇfield bool thread_safe
Γöé       Γö£ΓöÇΓöÇΓöÇfield bool relocatable
Γöé       Γö£ΓöÇΓöÇΓöÇfield str last_type
Γöé       Γö£ΓöÇΓöÇΓöÇfield i32 allocation_count
Γöé       Γö£ΓöÇΓöÇΓöÇfield i32 release_count
Γöé       Γö£ΓöÇΓöÇΓöÇfield i32 reserved_bytes
Γöé       Γö£ΓöÇΓöÇΓöÇfield i32 peak_bytes
Γöé       Γö£ΓöÇΓöÇΓöÇmethod i32 alloc
Γöé       Γöé   Γö£ΓöÇΓöÇΓöÇparams
Γöé       Γöé   Γöé   Γö£ΓöÇΓöÇΓöÇparam str type_name
Γöé       Γöé   Γöé   ΓööΓöÇΓöÇΓöÇparam i32 requested_bytes
Γöé       Γöé   ΓööΓöÇΓöÇΓöÇbody
Γöé       Γöé       Γö£ΓöÇΓöÇΓöÇassign last_type
Γöé       Γöé       Γöé   ΓööΓöÇΓöÇΓöÇvalue: id type_name
Γöé       Γöé       Γö£ΓöÇΓöÇΓöÇassign allocation_count
Γöé       Γöé       Γöé   ΓööΓöÇΓöÇΓöÇvalue: binop +- +
Γöé       Γöé       Γöé       Γö£ΓöÇΓöÇΓöÇid allocation_count
Γöé       Γöé       Γöé       ΓööΓöÇΓöÇΓöÇint 1
Γöé       Γöé       Γö£ΓöÇΓöÇΓöÇassign reserved_bytes
Γöé       Γöé       Γöé   ΓööΓöÇΓöÇΓöÇvalue: binop +- +
Γöé       Γöé       Γöé       Γö£ΓöÇΓöÇΓöÇid reserved_bytes
Γöé       Γöé       Γöé       ΓööΓöÇΓöÇΓöÇid requested_bytes
Γöé       Γöé       Γö£ΓöÇΓöÇΓöÇif
Γöé       Γöé       Γöé   Γö£ΓöÇΓöÇΓöÇcond: cmp >
Γöé       Γöé       Γöé   Γöé   Γö£ΓöÇΓöÇΓöÇid reserved_bytes
Γöé       Γöé       Γöé   Γöé   ΓööΓöÇΓöÇΓöÇid peak_bytes
Γöé       Γöé       Γöé   ΓööΓöÇΓöÇΓöÇthen
Γöé       Γöé       Γöé       ΓööΓöÇΓöÇΓöÇassign peak_bytes
Γöé       Γöé       Γöé           ΓööΓöÇΓöÇΓöÇvalue: id reserved_bytes
Γöé       Γöé       ΓööΓöÇΓöÇΓöÇreturn
Γöé       Γöé           ΓööΓöÇΓöÇΓöÇid requested_bytes
Γöé       Γö£ΓöÇΓöÇΓöÇmethod i32 resize
Γöé       Γöé   Γö£ΓöÇΓöÇΓöÇparams
Γöé       Γöé   Γöé   Γö£ΓöÇΓöÇΓöÇparam str type_name
Γöé       Γöé   Γöé   Γö£ΓöÇΓöÇΓöÇparam i32 previous_bytes
Γöé       Γöé   Γöé   ΓööΓöÇΓöÇΓöÇparam i32 requested_bytes
Γöé       Γöé   ΓööΓöÇΓöÇΓöÇbody
Γöé       Γöé       Γö£ΓöÇΓöÇΓöÇassign last_type
Γöé       Γöé       Γöé   ΓööΓöÇΓöÇΓöÇvalue: id type_name
Γöé       Γöé       Γö£ΓöÇΓöÇΓöÇassign reserved_bytes
Γöé       Γöé       Γöé   ΓööΓöÇΓöÇΓöÇvalue: binop +- -,+
Γöé       Γöé       Γöé       Γö£ΓöÇΓöÇΓöÇid reserved_bytes
Γöé       Γöé       Γöé       Γö£ΓöÇΓöÇΓöÇid previous_bytes
Γöé       Γöé       Γöé       ΓööΓöÇΓöÇΓöÇid requested_bytes
Γöé       Γöé       Γö£ΓöÇΓöÇΓöÇif
Γöé       Γöé       Γöé   Γö£ΓöÇΓöÇΓöÇcond: cmp <
Γöé       Γöé       Γöé   Γöé   Γö£ΓöÇΓöÇΓöÇid reserved_bytes
Γöé       Γöé       Γöé   Γöé   ΓööΓöÇΓöÇΓöÇint 0
Γöé       Γöé       Γöé   ΓööΓöÇΓöÇΓöÇthen
Γöé       Γöé       Γöé       ΓööΓöÇΓöÇΓöÇassign reserved_bytes
Γöé       Γöé       Γöé           ΓööΓöÇΓöÇΓöÇvalue: int 0
Γöé       Γöé       Γö£ΓöÇΓöÇΓöÇif
Γöé       Γöé       Γöé   Γö£ΓöÇΓöÇΓöÇcond: cmp >
Γöé       Γöé       Γöé   Γöé   Γö£ΓöÇΓöÇΓöÇid reserved_bytes
Γöé       Γöé       Γöé   Γöé   ΓööΓöÇΓöÇΓöÇid peak_bytes
Γöé       Γöé       Γöé   ΓööΓöÇΓöÇΓöÇthen
Γöé       Γöé       Γöé       ΓööΓöÇΓöÇΓöÇassign peak_bytes
Γöé       Γöé       Γöé           ΓööΓöÇΓöÇΓöÇvalue: id reserved_bytes
Γöé       Γöé       ΓööΓöÇΓöÇΓöÇreturn
Γöé       Γöé           ΓööΓöÇΓöÇΓöÇid requested_bytes
Γöé       Γö£ΓöÇΓöÇΓöÇmethod i32 remap
Γöé       Γöé   Γö£ΓöÇΓöÇΓöÇparams
Γöé       Γöé   Γöé   Γö£ΓöÇΓöÇΓöÇparam str type_name
Γöé       Γöé   Γöé   Γö£ΓöÇΓöÇΓöÇparam i32 previous_bytes
Γöé       Γöé   Γöé   ΓööΓöÇΓöÇΓöÇparam i32 requested_bytes
Γöé       Γöé   ΓööΓöÇΓöÇΓöÇbody
Γöé       Γöé       ΓööΓöÇΓöÇΓöÇreturn
Γöé       Γöé           ΓööΓöÇΓöÇΓöÇcall resize(type_name, previous_bytes, requested_bytes)
Γöé       ΓööΓöÇΓöÇΓöÇmethod i32 free
Γöé           Γö£ΓöÇΓöÇΓöÇparams
Γöé           Γöé   Γö£ΓöÇΓöÇΓöÇparam str type_name
Γöé           Γöé   ΓööΓöÇΓöÇΓöÇparam i32 released_bytes
Γöé           ΓööΓöÇΓöÇΓöÇbody
Γöé               Γö£ΓöÇΓöÇΓöÇassign last_type
Γöé               Γöé   ΓööΓöÇΓöÇΓöÇvalue: id type_name
Γöé               Γö£ΓöÇΓöÇΓöÇassign release_count
Γöé               Γöé   ΓööΓöÇΓöÇΓöÇvalue: binop +- +
Γöé               Γöé       Γö£ΓöÇΓöÇΓöÇid release_count
Γöé               Γöé       ΓööΓöÇΓöÇΓöÇint 1
Γöé               Γö£ΓöÇΓöÇΓöÇassign reserved_bytes
Γöé               Γöé   ΓööΓöÇΓöÇΓöÇvalue: binop +- -
Γöé               Γöé       Γö£ΓöÇΓöÇΓöÇid reserved_bytes
Γöé               Γöé       ΓööΓöÇΓöÇΓöÇid released_bytes
Γöé               Γö£ΓöÇΓöÇΓöÇif
Γöé               Γöé   Γö£ΓöÇΓöÇΓöÇcond: cmp <
Γöé               Γöé   Γöé   Γö£ΓöÇΓöÇΓöÇid reserved_bytes
Γöé               Γöé   Γöé   ΓööΓöÇΓöÇΓöÇint 0
Γöé               Γöé   ΓööΓöÇΓöÇΓöÇthen
Γöé               Γöé       ΓööΓöÇΓöÇΓöÇassign reserved_bytes
Γöé               Γöé           ΓööΓöÇΓöÇΓöÇvalue: int 0
Γöé               ΓööΓöÇΓöÇΓöÇreturn
Γöé                   ΓööΓöÇΓöÇΓöÇid reserved_bytes
Γö£ΓöÇΓöÇΓöÇmemstruct BumpAllocator
Γöé   ΓööΓöÇΓöÇΓöÇbody
Γöé       Γö£ΓöÇΓöÇΓöÇfield str label
Γöé       Γö£ΓöÇΓöÇΓöÇfield str strategy
Γöé       Γö£ΓöÇΓöÇΓöÇfield i32 default_block_bytes
Γöé       Γö£ΓöÇΓöÇΓöÇfield bool thread_safe
Γöé       Γö£ΓöÇΓöÇΓöÇfield bool relocatable
Γöé       Γö£ΓöÇΓöÇΓöÇfield str last_type
Γöé       Γö£ΓöÇΓöÇΓöÇfield i32 allocation_count
Γöé       Γö£ΓöÇΓöÇΓöÇfield i32 release_count
Γöé       Γö£ΓöÇΓöÇΓöÇfield i32 reserved_bytes
Γöé       Γö£ΓöÇΓöÇΓöÇfield i32 peak_bytes
Γöé       Γö£ΓöÇΓöÇΓöÇmethod i32 alloc
Γöé       Γöé   Γö£ΓöÇΓöÇΓöÇparams
Γöé       Γöé   Γöé   Γö£ΓöÇΓöÇΓöÇparam str type_name
Γöé       Γöé   Γöé   ΓööΓöÇΓöÇΓöÇparam i32 requested_bytes
Γöé       Γöé   ΓööΓöÇΓöÇΓöÇbody
Γöé       Γöé       Γö£ΓöÇΓöÇΓöÇassign last_type
Γöé       Γöé       Γöé   ΓööΓöÇΓöÇΓöÇvalue: id type_name
Γöé       Γöé       Γö£ΓöÇΓöÇΓöÇassign allocation_count
Γöé       Γöé       Γöé   ΓööΓöÇΓöÇΓöÇvalue: binop +- +
Γöé       Γöé       Γöé       Γö£ΓöÇΓöÇΓöÇid allocation_count
Γöé       Γöé       Γöé       ΓööΓöÇΓöÇΓöÇint 1
Γöé       Γöé       Γö£ΓöÇΓöÇΓöÇassign reserved_bytes
Γöé       Γöé       Γöé   ΓööΓöÇΓöÇΓöÇvalue: binop +- +
Γöé       Γöé       Γöé       Γö£ΓöÇΓöÇΓöÇid reserved_bytes
Γöé       Γöé       Γöé       ΓööΓöÇΓöÇΓöÇid requested_bytes
Γöé       Γöé       Γö£ΓöÇΓöÇΓöÇif
Γöé       Γöé       Γöé   Γö£ΓöÇΓöÇΓöÇcond: cmp >
Γöé       Γöé       Γöé   Γöé   Γö£ΓöÇΓöÇΓöÇid reserved_bytes
Γöé       Γöé       Γöé   Γöé   ΓööΓöÇΓöÇΓöÇid peak_bytes
Γöé       Γöé       Γöé   ΓööΓöÇΓöÇΓöÇthen
Γöé       Γöé       Γöé       ΓööΓöÇΓöÇΓöÇassign peak_bytes
Γöé       Γöé       Γöé           ΓööΓöÇΓöÇΓöÇvalue: id reserved_bytes
Γöé       Γöé       ΓööΓöÇΓöÇΓöÇreturn
Γöé       Γöé           ΓööΓöÇΓöÇΓöÇid requested_bytes
Γöé       Γö£ΓöÇΓöÇΓöÇmethod i32 resize
Γöé       Γöé   Γö£ΓöÇΓöÇΓöÇparams
Γöé       Γöé   Γöé   Γö£ΓöÇΓöÇΓöÇparam str type_name
Γöé       Γöé   Γöé   Γö£ΓöÇΓöÇΓöÇparam i32 previous_bytes
Γöé       Γöé   Γöé   ΓööΓöÇΓöÇΓöÇparam i32 requested_bytes
Γöé       Γöé   ΓööΓöÇΓöÇΓöÇbody
Γöé       Γöé       Γö£ΓöÇΓöÇΓöÇassign last_type
Γöé       Γöé       Γöé   ΓööΓöÇΓöÇΓöÇvalue: id type_name
Γöé       Γöé       Γö£ΓöÇΓöÇΓöÇassign reserved_bytes
Γöé       Γöé       Γöé   ΓööΓöÇΓöÇΓöÇvalue: binop +- -,+
Γöé       Γöé       Γöé       Γö£ΓöÇΓöÇΓöÇid reserved_bytes
Γöé       Γöé       Γöé       Γö£ΓöÇΓöÇΓöÇid previous_bytes
Γöé       Γöé       Γöé       ΓööΓöÇΓöÇΓöÇid requested_bytes
Γöé       Γöé       Γö£ΓöÇΓöÇΓöÇif
Γöé       Γöé       Γöé   Γö£ΓöÇΓöÇΓöÇcond: cmp <
Γöé       Γöé       Γöé   Γöé   Γö£ΓöÇΓöÇΓöÇid reserved_bytes
Γöé       Γöé       Γöé   Γöé   ΓööΓöÇΓöÇΓöÇint 0
Γöé       Γöé       Γöé   ΓööΓöÇΓöÇΓöÇthen
Γöé       Γöé       Γöé       ΓööΓöÇΓöÇΓöÇassign reserved_bytes
Γöé       Γöé       Γöé           ΓööΓöÇΓöÇΓöÇvalue: int 0
Γöé       Γöé       Γö£ΓöÇΓöÇΓöÇif
Γöé       Γöé       Γöé   Γö£ΓöÇΓöÇΓöÇcond: cmp >
Γöé       Γöé       Γöé   Γöé   Γö£ΓöÇΓöÇΓöÇid reserved_bytes
Γöé       Γöé       Γöé   Γöé   ΓööΓöÇΓöÇΓöÇid peak_bytes
Γöé       Γöé       Γöé   ΓööΓöÇΓöÇΓöÇthen
Γöé       Γöé       Γöé       ΓööΓöÇΓöÇΓöÇassign peak_bytes
Γöé       Γöé       Γöé           ΓööΓöÇΓöÇΓöÇvalue: id reserved_bytes
Γöé       Γöé       ΓööΓöÇΓöÇΓöÇreturn
Γöé       Γöé           ΓööΓöÇΓöÇΓöÇid requested_bytes
Γöé       Γö£ΓöÇΓöÇΓöÇmethod i32 remap
Γöé       Γöé   Γö£ΓöÇΓöÇΓöÇparams
Γöé       Γöé   Γöé   Γö£ΓöÇΓöÇΓöÇparam str type_name
Γöé       Γöé   Γöé   Γö£ΓöÇΓöÇΓöÇparam i32 previous_bytes
Γöé       Γöé   Γöé   ΓööΓöÇΓöÇΓöÇparam i32 requested_bytes
Γöé       Γöé   ΓööΓöÇΓöÇΓöÇbody
Γöé       Γöé       ΓööΓöÇΓöÇΓöÇreturn
Γöé       Γöé           ΓööΓöÇΓöÇΓöÇcall resize(type_name, previous_bytes, requested_bytes)
Γöé       ΓööΓöÇΓöÇΓöÇmethod i32 free
Γöé           Γö£ΓöÇΓöÇΓöÇparams
Γöé           Γöé   Γö£ΓöÇΓöÇΓöÇparam str type_name
Γöé           Γöé   ΓööΓöÇΓöÇΓöÇparam i32 released_bytes
Γöé           ΓööΓöÇΓöÇΓöÇbody
Γöé               Γö£ΓöÇΓöÇΓöÇassign last_type
Γöé               Γöé   ΓööΓöÇΓöÇΓöÇvalue: id type_name
Γöé               Γö£ΓöÇΓöÇΓöÇassign release_count
Γöé               Γöé   ΓööΓöÇΓöÇΓöÇvalue: binop +- +
Γöé               Γöé       Γö£ΓöÇΓöÇΓöÇid release_count
Γöé               Γöé       ΓööΓöÇΓöÇΓöÇint 1
Γöé               Γö£ΓöÇΓöÇΓöÇassign reserved_bytes
Γöé               Γöé   ΓööΓöÇΓöÇΓöÇvalue: binop +- -
Γöé               Γöé       Γö£ΓöÇΓöÇΓöÇid reserved_bytes
Γöé               Γöé       ΓööΓöÇΓöÇΓöÇid released_bytes
Γöé               Γö£ΓöÇΓöÇΓöÇif
Γöé               Γöé   Γö£ΓöÇΓöÇΓöÇcond: cmp <
Γöé               Γöé   Γöé   Γö£ΓöÇΓöÇΓöÇid reserved_bytes
Γöé               Γöé   Γöé   ΓööΓöÇΓöÇΓöÇint 0
Γöé               Γöé   ΓööΓöÇΓöÇΓöÇthen
Γöé               Γöé       ΓööΓöÇΓöÇΓöÇassign reserved_bytes
Γöé               Γöé           ΓööΓöÇΓöÇΓöÇvalue: int 0
Γöé               ΓööΓöÇΓöÇΓöÇreturn
Γöé                   ΓööΓöÇΓöÇΓöÇid reserved_bytes
Γö£ΓöÇΓöÇΓöÇmemstruct PoolAllocator
Γöé   ΓööΓöÇΓöÇΓöÇbody
Γöé       Γö£ΓöÇΓöÇΓöÇfield str label
Γöé       Γö£ΓöÇΓöÇΓöÇfield str strategy
Γöé       Γö£ΓöÇΓöÇΓöÇfield i32 default_block_bytes
Γöé       Γö£ΓöÇΓöÇΓöÇfield bool thread_safe
Γöé       Γö£ΓöÇΓöÇΓöÇfield bool relocatable
Γöé       Γö£ΓöÇΓöÇΓöÇfield str last_type
Γöé       Γö£ΓöÇΓöÇΓöÇfield i32 allocation_count
Γöé       Γö£ΓöÇΓöÇΓöÇfield i32 release_count
Γöé       Γö£ΓöÇΓöÇΓöÇfield i32 reserved_bytes
Γöé       Γö£ΓöÇΓöÇΓöÇfield i32 peak_bytes
Γöé       Γö£ΓöÇΓöÇΓöÇmethod i32 alloc
Γöé       Γöé   Γö£ΓöÇΓöÇΓöÇparams
Γöé       Γöé   Γöé   Γö£ΓöÇΓöÇΓöÇparam str type_name
Γöé       Γöé   Γöé   ΓööΓöÇΓöÇΓöÇparam i32 requested_bytes
Γöé       Γöé   ΓööΓöÇΓöÇΓöÇbody
Γöé       Γöé       Γö£ΓöÇΓöÇΓöÇassign last_type
Γöé       Γöé       Γöé   ΓööΓöÇΓöÇΓöÇvalue: id type_name
Γöé       Γöé       Γö£ΓöÇΓöÇΓöÇassign allocation_count
Γöé       Γöé       Γöé   ΓööΓöÇΓöÇΓöÇvalue: binop +- +
Γöé       Γöé       Γöé       Γö£ΓöÇΓöÇΓöÇid allocation_count
Γöé       Γöé       Γöé       ΓööΓöÇΓöÇΓöÇint 1
Γöé       Γöé       Γö£ΓöÇΓöÇΓöÇassign reserved_bytes
Γöé       Γöé       Γöé   ΓööΓöÇΓöÇΓöÇvalue: binop +- +
Γöé       Γöé       Γöé       Γö£ΓöÇΓöÇΓöÇid reserved_bytes
Γöé       Γöé       Γöé       ΓööΓöÇΓöÇΓöÇid requested_bytes
Γöé       Γöé       Γö£ΓöÇΓöÇΓöÇif
Γöé       Γöé       Γöé   Γö£ΓöÇΓöÇΓöÇcond: cmp >
Γöé       Γöé       Γöé   Γöé   Γö£ΓöÇΓöÇΓöÇid reserved_bytes
Γöé       Γöé       Γöé   Γöé   ΓööΓöÇΓöÇΓöÇid peak_bytes
Γöé       Γöé       Γöé   ΓööΓöÇΓöÇΓöÇthen
Γöé       Γöé       Γöé       ΓööΓöÇΓöÇΓöÇassign peak_bytes
Γöé       Γöé       Γöé           ΓööΓöÇΓöÇΓöÇvalue: id reserved_bytes
Γöé       Γöé       ΓööΓöÇΓöÇΓöÇreturn
Γöé       Γöé           ΓööΓöÇΓöÇΓöÇid requested_bytes
Γöé       Γö£ΓöÇΓöÇΓöÇmethod i32 resize
Γöé       Γöé   Γö£ΓöÇΓöÇΓöÇparams
Γöé       Γöé   Γöé   Γö£ΓöÇΓöÇΓöÇparam str type_name
Γöé       Γöé   Γöé   Γö£ΓöÇΓöÇΓöÇparam i32 previous_bytes
Γöé       Γöé   Γöé   ΓööΓöÇΓöÇΓöÇparam i32 requested_bytes
Γöé       Γöé   ΓööΓöÇΓöÇΓöÇbody
Γöé       Γöé       Γö£ΓöÇΓöÇΓöÇassign last_type
Γöé       Γöé       Γöé   ΓööΓöÇΓöÇΓöÇvalue: id type_name
Γöé       Γöé       Γö£ΓöÇΓöÇΓöÇassign reserved_bytes
Γöé       Γöé       Γöé   ΓööΓöÇΓöÇΓöÇvalue: binop +- -,+
Γöé       Γöé       Γöé       Γö£ΓöÇΓöÇΓöÇid reserved_bytes
Γöé       Γöé       Γöé       Γö£ΓöÇΓöÇΓöÇid previous_bytes
Γöé       Γöé       Γöé       ΓööΓöÇΓöÇΓöÇid requested_bytes
Γöé       Γöé       Γö£ΓöÇΓöÇΓöÇif
Γöé       Γöé       Γöé   Γö£ΓöÇΓöÇΓöÇcond: cmp <
Γöé       Γöé       Γöé   Γöé   Γö£ΓöÇΓöÇΓöÇid reserved_bytes
Γöé       Γöé       Γöé   Γöé   ΓööΓöÇΓöÇΓöÇint 0
Γöé       Γöé       Γöé   ΓööΓöÇΓöÇΓöÇthen
Γöé       Γöé       Γöé       ΓööΓöÇΓöÇΓöÇassign reserved_bytes
Γöé       Γöé       Γöé           ΓööΓöÇΓöÇΓöÇvalue: int 0
Γöé       Γöé       Γö£ΓöÇΓöÇΓöÇif
Γöé       Γöé       Γöé   Γö£ΓöÇΓöÇΓöÇcond: cmp >
Γöé       Γöé       Γöé   Γöé   Γö£ΓöÇΓöÇΓöÇid reserved_bytes
Γöé       Γöé       Γöé   Γöé   ΓööΓöÇΓöÇΓöÇid peak_bytes
Γöé       Γöé       Γöé   ΓööΓöÇΓöÇΓöÇthen
Γöé       Γöé       Γöé       ΓööΓöÇΓöÇΓöÇassign peak_bytes
Γöé       Γöé       Γöé           ΓööΓöÇΓöÇΓöÇvalue: id reserved_bytes
Γöé       Γöé       ΓööΓöÇΓöÇΓöÇreturn
Γöé       Γöé           ΓööΓöÇΓöÇΓöÇid requested_bytes
Γöé       Γö£ΓöÇΓöÇΓöÇmethod i32 remap
Γöé       Γöé   Γö£ΓöÇΓöÇΓöÇparams
Γöé       Γöé   Γöé   Γö£ΓöÇΓöÇΓöÇparam str type_name
Γöé       Γöé   Γöé   Γö£ΓöÇΓöÇΓöÇparam i32 previous_bytes
Γöé       Γöé   Γöé   ΓööΓöÇΓöÇΓöÇparam i32 requested_bytes
Γöé       Γöé   ΓööΓöÇΓöÇΓöÇbody
Γöé       Γöé       ΓööΓöÇΓöÇΓöÇreturn
Γöé       Γöé           ΓööΓöÇΓöÇΓöÇcall resize(type_name, previous_bytes, requested_bytes)
Γöé       ΓööΓöÇΓöÇΓöÇmethod i32 free
Γöé           Γö£ΓöÇΓöÇΓöÇparams
Γöé           Γöé   Γö£ΓöÇΓöÇΓöÇparam str type_name
Γöé           Γöé   ΓööΓöÇΓöÇΓöÇparam i32 released_bytes
Γöé           ΓööΓöÇΓöÇΓöÇbody
Γöé               Γö£ΓöÇΓöÇΓöÇassign last_type
Γöé               Γöé   ΓööΓöÇΓöÇΓöÇvalue: id type_name
Γöé               Γö£ΓöÇΓöÇΓöÇassign release_count
Γöé               Γöé   ΓööΓöÇΓöÇΓöÇvalue: binop +- +
Γöé               Γöé       Γö£ΓöÇΓöÇΓöÇid release_count
Γöé               Γöé       ΓööΓöÇΓöÇΓöÇint 1
Γöé               Γö£ΓöÇΓöÇΓöÇassign reserved_bytes
Γöé               Γöé   ΓööΓöÇΓöÇΓöÇvalue: binop +- -
Γöé               Γöé       Γö£ΓöÇΓöÇΓöÇid reserved_bytes
Γöé               Γöé       ΓööΓöÇΓöÇΓöÇid released_bytes
Γöé               Γö£ΓöÇΓöÇΓöÇif
Γöé               Γöé   Γö£ΓöÇΓöÇΓöÇcond: cmp <
Γöé               Γöé   Γöé   Γö£ΓöÇΓöÇΓöÇid reserved_bytes
Γöé               Γöé   Γöé   ΓööΓöÇΓöÇΓöÇint 0
Γöé               Γöé   ΓööΓöÇΓöÇΓöÇthen
Γöé               Γöé       ΓööΓöÇΓöÇΓöÇassign reserved_bytes
Γöé               Γöé           ΓööΓöÇΓöÇΓöÇvalue: int 0
Γöé               ΓööΓöÇΓöÇΓöÇreturn
Γöé                   ΓööΓöÇΓöÇΓöÇid reserved_bytes
Γö£ΓöÇΓöÇΓöÇmemstruct SlabAllocator
Γöé   ΓööΓöÇΓöÇΓöÇbody
Γöé       Γö£ΓöÇΓöÇΓöÇfield str label
Γöé       Γö£ΓöÇΓöÇΓöÇfield str strategy
Γöé       Γö£ΓöÇΓöÇΓöÇfield i32 default_block_bytes
Γöé       Γö£ΓöÇΓöÇΓöÇfield bool thread_safe
Γöé       Γö£ΓöÇΓöÇΓöÇfield bool relocatable
Γöé       Γö£ΓöÇΓöÇΓöÇfield str last_type
Γöé       Γö£ΓöÇΓöÇΓöÇfield i32 allocation_count
Γöé       Γö£ΓöÇΓöÇΓöÇfield i32 release_count
Γöé       Γö£ΓöÇΓöÇΓöÇfield i32 reserved_bytes
Γöé       Γö£ΓöÇΓöÇΓöÇfield i32 peak_bytes
Γöé       Γö£ΓöÇΓöÇΓöÇmethod i32 alloc
Γöé       Γöé   Γö£ΓöÇΓöÇΓöÇparams
Γöé       Γöé   Γöé   Γö£ΓöÇΓöÇΓöÇparam str type_name
Γöé       Γöé   Γöé   ΓööΓöÇΓöÇΓöÇparam i32 requested_bytes
Γöé       Γöé   ΓööΓöÇΓöÇΓöÇbody
Γöé       Γöé       Γö£ΓöÇΓöÇΓöÇassign last_type
Γöé       Γöé       Γöé   ΓööΓöÇΓöÇΓöÇvalue: id type_name
Γöé       Γöé       Γö£ΓöÇΓöÇΓöÇassign allocation_count
Γöé       Γöé       Γöé   ΓööΓöÇΓöÇΓöÇvalue: binop +- +
Γöé       Γöé       Γöé       Γö£ΓöÇΓöÇΓöÇid allocation_count
Γöé       Γöé       Γöé       ΓööΓöÇΓöÇΓöÇint 1
Γöé       Γöé       Γö£ΓöÇΓöÇΓöÇassign reserved_bytes
Γöé       Γöé       Γöé   ΓööΓöÇΓöÇΓöÇvalue: binop +- +
Γöé       Γöé       Γöé       Γö£ΓöÇΓöÇΓöÇid reserved_bytes
Γöé       Γöé       Γöé       ΓööΓöÇΓöÇΓöÇid requested_bytes
Γöé       Γöé       Γö£ΓöÇΓöÇΓöÇif
Γöé       Γöé       Γöé   Γö£ΓöÇΓöÇΓöÇcond: cmp >
Γöé       Γöé       Γöé   Γöé   Γö£ΓöÇΓöÇΓöÇid reserved_bytes
Γöé       Γöé       Γöé   Γöé   ΓööΓöÇΓöÇΓöÇid peak_bytes
Γöé       Γöé       Γöé   ΓööΓöÇΓöÇΓöÇthen
Γöé       Γöé       Γöé       ΓööΓöÇΓöÇΓöÇassign peak_bytes
Γöé       Γöé       Γöé           ΓööΓöÇΓöÇΓöÇvalue: id reserved_bytes
Γöé       Γöé       ΓööΓöÇΓöÇΓöÇreturn
Γöé       Γöé           ΓööΓöÇΓöÇΓöÇid requested_bytes
Γöé       Γö£ΓöÇΓöÇΓöÇmethod i32 resize
Γöé       Γöé   Γö£ΓöÇΓöÇΓöÇparams
Γöé       Γöé   Γöé   Γö£ΓöÇΓöÇΓöÇparam str type_name
Γöé       Γöé   Γöé   Γö£ΓöÇΓöÇΓöÇparam i32 previous_bytes
Γöé       Γöé   Γöé   ΓööΓöÇΓöÇΓöÇparam i32 requested_bytes
Γöé       Γöé   ΓööΓöÇΓöÇΓöÇbody
Γöé       Γöé       Γö£ΓöÇΓöÇΓöÇassign last_type
Γöé       Γöé       Γöé   ΓööΓöÇΓöÇΓöÇvalue: id type_name
Γöé       Γöé       Γö£ΓöÇΓöÇΓöÇassign reserved_bytes
Γöé       Γöé       Γöé   ΓööΓöÇΓöÇΓöÇvalue: binop +- -,+
Γöé       Γöé       Γöé       Γö£ΓöÇΓöÇΓöÇid reserved_bytes
Γöé       Γöé       Γöé       Γö£ΓöÇΓöÇΓöÇid previous_bytes
Γöé       Γöé       Γöé       ΓööΓöÇΓöÇΓöÇid requested_bytes
Γöé       Γöé       Γö£ΓöÇΓöÇΓöÇif
Γöé       Γöé       Γöé   Γö£ΓöÇΓöÇΓöÇcond: cmp <
Γöé       Γöé       Γöé   Γöé   Γö£ΓöÇΓöÇΓöÇid reserved_bytes
Γöé       Γöé       Γöé   Γöé   ΓööΓöÇΓöÇΓöÇint 0
Γöé       Γöé       Γöé   ΓööΓöÇΓöÇΓöÇthen
Γöé       Γöé       Γöé       ΓööΓöÇΓöÇΓöÇassign reserved_bytes
Γöé       Γöé       Γöé           ΓööΓöÇΓöÇΓöÇvalue: int 0
Γöé       Γöé       Γö£ΓöÇΓöÇΓöÇif
Γöé       Γöé       Γöé   Γö£ΓöÇΓöÇΓöÇcond: cmp >
Γöé       Γöé       Γöé   Γöé   Γö£ΓöÇΓöÇΓöÇid reserved_bytes
Γöé       Γöé       Γöé   Γöé   ΓööΓöÇΓöÇΓöÇid peak_bytes
Γöé       Γöé       Γöé   ΓööΓöÇΓöÇΓöÇthen
Γöé       Γöé       Γöé       ΓööΓöÇΓöÇΓöÇassign peak_bytes
Γöé       Γöé       Γöé           ΓööΓöÇΓöÇΓöÇvalue: id reserved_bytes
Γöé       Γöé       ΓööΓöÇΓöÇΓöÇreturn
Γöé       Γöé           ΓööΓöÇΓöÇΓöÇid requested_bytes
Γöé       Γö£ΓöÇΓöÇΓöÇmethod i32 remap
Γöé       Γöé   Γö£ΓöÇΓöÇΓöÇparams
Γöé       Γöé   Γöé   Γö£ΓöÇΓöÇΓöÇparam str type_name
Γöé       Γöé   Γöé   Γö£ΓöÇΓöÇΓöÇparam i32 previous_bytes
Γöé       Γöé   Γöé   ΓööΓöÇΓöÇΓöÇparam i32 requested_bytes
Γöé       Γöé   ΓööΓöÇΓöÇΓöÇbody
Γöé       Γöé       ΓööΓöÇΓöÇΓöÇreturn
Γöé       Γöé           ΓööΓöÇΓöÇΓöÇcall resize(type_name, previous_bytes, requested_bytes)
Γöé       ΓööΓöÇΓöÇΓöÇmethod i32 free
Γöé           Γö£ΓöÇΓöÇΓöÇparams
Γöé           Γöé   Γö£ΓöÇΓöÇΓöÇparam str type_name
Γöé           Γöé   ΓööΓöÇΓöÇΓöÇparam i32 released_bytes
Γöé           ΓööΓöÇΓöÇΓöÇbody
Γöé               Γö£ΓöÇΓöÇΓöÇassign last_type
Γöé               Γöé   ΓööΓöÇΓöÇΓöÇvalue: id type_name
Γöé               Γö£ΓöÇΓöÇΓöÇassign release_count
Γöé               Γöé   ΓööΓöÇΓöÇΓöÇvalue: binop +- +
Γöé               Γöé       Γö£ΓöÇΓöÇΓöÇid release_count
Γöé               Γöé       ΓööΓöÇΓöÇΓöÇint 1
Γöé               Γö£ΓöÇΓöÇΓöÇassign reserved_bytes
Γöé               Γöé   ΓööΓöÇΓöÇΓöÇvalue: binop +- -
Γöé               Γöé       Γö£ΓöÇΓöÇΓöÇid reserved_bytes
Γöé               Γöé       ΓööΓöÇΓöÇΓöÇid released_bytes
Γöé               Γö£ΓöÇΓöÇΓöÇif
Γöé               Γöé   Γö£ΓöÇΓöÇΓöÇcond: cmp <
Γöé               Γöé   Γöé   Γö£ΓöÇΓöÇΓöÇid reserved_bytes
Γöé               Γöé   Γöé   ΓööΓöÇΓöÇΓöÇint 0
Γöé               Γöé   ΓööΓöÇΓöÇΓöÇthen
Γöé               Γöé       ΓööΓöÇΓöÇΓöÇassign reserved_bytes
Γöé               Γöé           ΓööΓöÇΓöÇΓöÇvalue: int 0
Γöé               ΓööΓöÇΓöÇΓöÇreturn
Γöé                   ΓööΓöÇΓöÇΓöÇid reserved_bytes
Γö£ΓöÇΓöÇΓöÇmemstruct StackAllocator
Γöé   ΓööΓöÇΓöÇΓöÇbody
Γöé       Γö£ΓöÇΓöÇΓöÇfield str label
Γöé       Γö£ΓöÇΓöÇΓöÇfield str strategy
Γöé       Γö£ΓöÇΓöÇΓöÇfield i32 default_block_bytes
Γöé       Γö£ΓöÇΓöÇΓöÇfield bool thread_safe
Γöé       Γö£ΓöÇΓöÇΓöÇfield bool relocatable
Γöé       Γö£ΓöÇΓöÇΓöÇfield str last_type
Γöé       Γö£ΓöÇΓöÇΓöÇfield i32 allocation_count
Γöé       Γö£ΓöÇΓöÇΓöÇfield i32 release_count
Γöé       Γö£ΓöÇΓöÇΓöÇfield i32 reserved_bytes
Γöé       Γö£ΓöÇΓöÇΓöÇfield i32 peak_bytes
Γöé       Γö£ΓöÇΓöÇΓöÇmethod i32 alloc
Γöé       Γöé   Γö£ΓöÇΓöÇΓöÇparams
Γöé       Γöé   Γöé   Γö£ΓöÇΓöÇΓöÇparam str type_name
Γöé       Γöé   Γöé   ΓööΓöÇΓöÇΓöÇparam i32 requested_bytes
Γöé       Γöé   ΓööΓöÇΓöÇΓöÇbody
Γöé       Γöé       Γö£ΓöÇΓöÇΓöÇassign last_type
Γöé       Γöé       Γöé   ΓööΓöÇΓöÇΓöÇvalue: id type_name
Γöé       Γöé       Γö£ΓöÇΓöÇΓöÇassign allocation_count
Γöé       Γöé       Γöé   ΓööΓöÇΓöÇΓöÇvalue: binop +- +
Γöé       Γöé       Γöé       Γö£ΓöÇΓöÇΓöÇid allocation_count
Γöé       Γöé       Γöé       ΓööΓöÇΓöÇΓöÇint 1
Γöé       Γöé       Γö£ΓöÇΓöÇΓöÇassign reserved_bytes
Γöé       Γöé       Γöé   ΓööΓöÇΓöÇΓöÇvalue: binop +- +
Γöé       Γöé       Γöé       Γö£ΓöÇΓöÇΓöÇid reserved_bytes
Γöé       Γöé       Γöé       ΓööΓöÇΓöÇΓöÇid requested_bytes
Γöé       Γöé       Γö£ΓöÇΓöÇΓöÇif
Γöé       Γöé       Γöé   Γö£ΓöÇΓöÇΓöÇcond: cmp >
Γöé       Γöé       Γöé   Γöé   Γö£ΓöÇΓöÇΓöÇid reserved_bytes
Γöé       Γöé       Γöé   Γöé   ΓööΓöÇΓöÇΓöÇid peak_bytes
Γöé       Γöé       Γöé   ΓööΓöÇΓöÇΓöÇthen
Γöé       Γöé       Γöé       ΓööΓöÇΓöÇΓöÇassign peak_bytes
Γöé       Γöé       Γöé           ΓööΓöÇΓöÇΓöÇvalue: id reserved_bytes
Γöé       Γöé       ΓööΓöÇΓöÇΓöÇreturn
Γöé       Γöé           ΓööΓöÇΓöÇΓöÇid requested_bytes
Γöé       Γö£ΓöÇΓöÇΓöÇmethod i32 resize
Γöé       Γöé   Γö£ΓöÇΓöÇΓöÇparams
Γöé       Γöé   Γöé   Γö£ΓöÇΓöÇΓöÇparam str type_name
Γöé       Γöé   Γöé   Γö£ΓöÇΓöÇΓöÇparam i32 previous_bytes
Γöé       Γöé   Γöé   ΓööΓöÇΓöÇΓöÇparam i32 requested_bytes
Γöé       Γöé   ΓööΓöÇΓöÇΓöÇbody
Γöé       Γöé       Γö£ΓöÇΓöÇΓöÇassign last_type
Γöé       Γöé       Γöé   ΓööΓöÇΓöÇΓöÇvalue: id type_name
Γöé       Γöé       Γö£ΓöÇΓöÇΓöÇassign reserved_bytes
Γöé       Γöé       Γöé   ΓööΓöÇΓöÇΓöÇvalue: binop +- -,+
Γöé       Γöé       Γöé       Γö£ΓöÇΓöÇΓöÇid reserved_bytes
Γöé       Γöé       Γöé       Γö£ΓöÇΓöÇΓöÇid previous_bytes
Γöé       Γöé       Γöé       ΓööΓöÇΓöÇΓöÇid requested_bytes
Γöé       Γöé       Γö£ΓöÇΓöÇΓöÇif
Γöé       Γöé       Γöé   Γö£ΓöÇΓöÇΓöÇcond: cmp <
Γöé       Γöé       Γöé   Γöé   Γö£ΓöÇΓöÇΓöÇid reserved_bytes
Γöé       Γöé       Γöé   Γöé   ΓööΓöÇΓöÇΓöÇint 0
Γöé       Γöé       Γöé   ΓööΓöÇΓöÇΓöÇthen
Γöé       Γöé       Γöé       ΓööΓöÇΓöÇΓöÇassign reserved_bytes
Γöé       Γöé       Γöé           ΓööΓöÇΓöÇΓöÇvalue: int 0
Γöé       Γöé       Γö£ΓöÇΓöÇΓöÇif
Γöé       Γöé       Γöé   Γö£ΓöÇΓöÇΓöÇcond: cmp >
Γöé       Γöé       Γöé   Γöé   Γö£ΓöÇΓöÇΓöÇid reserved_bytes
Γöé       Γöé       Γöé   Γöé   ΓööΓöÇΓöÇΓöÇid peak_bytes
Γöé       Γöé       Γöé   ΓööΓöÇΓöÇΓöÇthen
Γöé       Γöé       Γöé       ΓööΓöÇΓöÇΓöÇassign peak_bytes
Γöé       Γöé       Γöé           ΓööΓöÇΓöÇΓöÇvalue: id reserved_bytes
Γöé       Γöé       ΓööΓöÇΓöÇΓöÇreturn
Γöé       Γöé           ΓööΓöÇΓöÇΓöÇid requested_bytes
Γöé       Γö£ΓöÇΓöÇΓöÇmethod i32 remap
Γöé       Γöé   Γö£ΓöÇΓöÇΓöÇparams
Γöé       Γöé   Γöé   Γö£ΓöÇΓöÇΓöÇparam str type_name
Γöé       Γöé   Γöé   Γö£ΓöÇΓöÇΓöÇparam i32 previous_bytes
Γöé       Γöé   Γöé   ΓööΓöÇΓöÇΓöÇparam i32 requested_bytes
Γöé       Γöé   ΓööΓöÇΓöÇΓöÇbody
Γöé       Γöé       ΓööΓöÇΓöÇΓöÇreturn
Γöé       Γöé           ΓööΓöÇΓöÇΓöÇcall resize(type_name, previous_bytes, requested_bytes)
Γöé       ΓööΓöÇΓöÇΓöÇmethod i32 free
Γöé           Γö£ΓöÇΓöÇΓöÇparams
Γöé           Γöé   Γö£ΓöÇΓöÇΓöÇparam str type_name
Γöé           Γöé   ΓööΓöÇΓöÇΓöÇparam i32 released_bytes
Γöé           ΓööΓöÇΓöÇΓöÇbody
Γöé               Γö£ΓöÇΓöÇΓöÇassign last_type
Γöé               Γöé   ΓööΓöÇΓöÇΓöÇvalue: id type_name
Γöé               Γö£ΓöÇΓöÇΓöÇassign release_count
Γöé               Γöé   ΓööΓöÇΓöÇΓöÇvalue: binop +- +
Γöé               Γöé       Γö£ΓöÇΓöÇΓöÇid release_count
Γöé               Γöé       ΓööΓöÇΓöÇΓöÇint 1
Γöé               Γö£ΓöÇΓöÇΓöÇassign reserved_bytes
Γöé               Γöé   ΓööΓöÇΓöÇΓöÇvalue: binop +- -
Γöé               Γöé       Γö£ΓöÇΓöÇΓöÇid reserved_bytes
Γöé               Γöé       ΓööΓöÇΓöÇΓöÇid released_bytes
Γöé               Γö£ΓöÇΓöÇΓöÇif
Γöé               Γöé   Γö£ΓöÇΓöÇΓöÇcond: cmp <
Γöé               Γöé   Γöé   Γö£ΓöÇΓöÇΓöÇid reserved_bytes
Γöé               Γöé   Γöé   ΓööΓöÇΓöÇΓöÇint 0
Γöé               Γöé   ΓööΓöÇΓöÇΓöÇthen
Γöé               Γöé       ΓööΓöÇΓöÇΓöÇassign reserved_bytes
Γöé               Γöé           ΓööΓöÇΓöÇΓöÇvalue: int 0
Γöé               ΓööΓöÇΓöÇΓöÇreturn
Γöé                   ΓööΓöÇΓöÇΓöÇid reserved_bytes
Γö£ΓöÇΓöÇΓöÇmemstruct ScratchAllocator
Γöé   ΓööΓöÇΓöÇΓöÇbody
Γöé       Γö£ΓöÇΓöÇΓöÇfield str label
Γöé       Γö£ΓöÇΓöÇΓöÇfield str strategy
Γöé       Γö£ΓöÇΓöÇΓöÇfield i32 default_block_bytes
Γöé       Γö£ΓöÇΓöÇΓöÇfield bool thread_safe
Γöé       Γö£ΓöÇΓöÇΓöÇfield bool relocatable
Γöé       Γö£ΓöÇΓöÇΓöÇfield str last_type
Γöé       Γö£ΓöÇΓöÇΓöÇfield i32 allocation_count
Γöé       Γö£ΓöÇΓöÇΓöÇfield i32 release_count
Γöé       Γö£ΓöÇΓöÇΓöÇfield i32 reserved_bytes
Γöé       Γö£ΓöÇΓöÇΓöÇfield i32 peak_bytes
Γöé       Γö£ΓöÇΓöÇΓöÇmethod i32 alloc
Γöé       Γöé   Γö£ΓöÇΓöÇΓöÇparams
Γöé       Γöé   Γöé   Γö£ΓöÇΓöÇΓöÇparam str type_name
Γöé       Γöé   Γöé   ΓööΓöÇΓöÇΓöÇparam i32 requested_bytes
Γöé       Γöé   ΓööΓöÇΓöÇΓöÇbody
Γöé       Γöé       Γö£ΓöÇΓöÇΓöÇassign last_type
Γöé       Γöé       Γöé   ΓööΓöÇΓöÇΓöÇvalue: id type_name
Γöé       Γöé       Γö£ΓöÇΓöÇΓöÇassign allocation_count
Γöé       Γöé       Γöé   ΓööΓöÇΓöÇΓöÇvalue: binop +- +
Γöé       Γöé       Γöé       Γö£ΓöÇΓöÇΓöÇid allocation_count
Γöé       Γöé       Γöé       ΓööΓöÇΓöÇΓöÇint 1
Γöé       Γöé       Γö£ΓöÇΓöÇΓöÇassign reserved_bytes
Γöé       Γöé       Γöé   ΓööΓöÇΓöÇΓöÇvalue: binop +- +
Γöé       Γöé       Γöé       Γö£ΓöÇΓöÇΓöÇid reserved_bytes
Γöé       Γöé       Γöé       ΓööΓöÇΓöÇΓöÇid requested_bytes
Γöé       Γöé       Γö£ΓöÇΓöÇΓöÇif
Γöé       Γöé       Γöé   Γö£ΓöÇΓöÇΓöÇcond: cmp >
Γöé       Γöé       Γöé   Γöé   Γö£ΓöÇΓöÇΓöÇid reserved_bytes
Γöé       Γöé       Γöé   Γöé   ΓööΓöÇΓöÇΓöÇid peak_bytes
Γöé       Γöé       Γöé   ΓööΓöÇΓöÇΓöÇthen
Γöé       Γöé       Γöé       ΓööΓöÇΓöÇΓöÇassign peak_bytes
Γöé       Γöé       Γöé           ΓööΓöÇΓöÇΓöÇvalue: id reserved_bytes
Γöé       Γöé       ΓööΓöÇΓöÇΓöÇreturn
Γöé       Γöé           ΓööΓöÇΓöÇΓöÇid requested_bytes
Γöé       Γö£ΓöÇΓöÇΓöÇmethod i32 resize
Γöé       Γöé   Γö£ΓöÇΓöÇΓöÇparams
Γöé       Γöé   Γöé   Γö£ΓöÇΓöÇΓöÇparam str type_name
Γöé       Γöé   Γöé   Γö£ΓöÇΓöÇΓöÇparam i32 previous_bytes
Γöé       Γöé   Γöé   ΓööΓöÇΓöÇΓöÇparam i32 requested_bytes
Γöé       Γöé   ΓööΓöÇΓöÇΓöÇbody
Γöé       Γöé       Γö£ΓöÇΓöÇΓöÇassign last_type
Γöé       Γöé       Γöé   ΓööΓöÇΓöÇΓöÇvalue: id type_name
Γöé       Γöé       Γö£ΓöÇΓöÇΓöÇassign reserved_bytes
Γöé       Γöé       Γöé   ΓööΓöÇΓöÇΓöÇvalue: binop +- -,+
Γöé       Γöé       Γöé       Γö£ΓöÇΓöÇΓöÇid reserved_bytes
Γöé       Γöé       Γöé       Γö£ΓöÇΓöÇΓöÇid previous_bytes
Γöé       Γöé       Γöé       ΓööΓöÇΓöÇΓöÇid requested_bytes
Γöé       Γöé       Γö£ΓöÇΓöÇΓöÇif
Γöé       Γöé       Γöé   Γö£ΓöÇΓöÇΓöÇcond: cmp <
Γöé       Γöé       Γöé   Γöé   Γö£ΓöÇΓöÇΓöÇid reserved_bytes
Γöé       Γöé       Γöé   Γöé   ΓööΓöÇΓöÇΓöÇint 0
Γöé       Γöé       Γöé   ΓööΓöÇΓöÇΓöÇthen
Γöé       Γöé       Γöé       ΓööΓöÇΓöÇΓöÇassign reserved_bytes
Γöé       Γöé       Γöé           ΓööΓöÇΓöÇΓöÇvalue: int 0
Γöé       Γöé       Γö£ΓöÇΓöÇΓöÇif
Γöé       Γöé       Γöé   Γö£ΓöÇΓöÇΓöÇcond: cmp >
Γöé       Γöé       Γöé   Γöé   Γö£ΓöÇΓöÇΓöÇid reserved_bytes
Γöé       Γöé       Γöé   Γöé   ΓööΓöÇΓöÇΓöÇid peak_bytes
Γöé       Γöé       Γöé   ΓööΓöÇΓöÇΓöÇthen
Γöé       Γöé       Γöé       ΓööΓöÇΓöÇΓöÇassign peak_bytes
Γöé       Γöé       Γöé           ΓööΓöÇΓöÇΓöÇvalue: id reserved_bytes
Γöé       Γöé       ΓööΓöÇΓöÇΓöÇreturn
Γöé       Γöé           ΓööΓöÇΓöÇΓöÇid requested_bytes
Γöé       Γö£ΓöÇΓöÇΓöÇmethod i32 remap
Γöé       Γöé   Γö£ΓöÇΓöÇΓöÇparams
Γöé       Γöé   Γöé   Γö£ΓöÇΓöÇΓöÇparam str type_name
Γöé       Γöé   Γöé   Γö£ΓöÇΓöÇΓöÇparam i32 previous_bytes
Γöé       Γöé   Γöé   ΓööΓöÇΓöÇΓöÇparam i32 requested_bytes
Γöé       Γöé   ΓööΓöÇΓöÇΓöÇbody
Γöé       Γöé       ΓööΓöÇΓöÇΓöÇreturn
Γöé       Γöé           ΓööΓöÇΓöÇΓöÇcall resize(type_name, previous_bytes, requested_bytes)
Γöé       ΓööΓöÇΓöÇΓöÇmethod i32 free
Γöé           Γö£ΓöÇΓöÇΓöÇparams
Γöé           Γöé   Γö£ΓöÇΓöÇΓöÇparam str type_name
Γöé           Γöé   ΓööΓöÇΓöÇΓöÇparam i32 released_bytes
Γöé           ΓööΓöÇΓöÇΓöÇbody
Γöé               Γö£ΓöÇΓöÇΓöÇassign last_type
Γöé               Γöé   ΓööΓöÇΓöÇΓöÇvalue: id type_name
Γöé               Γö£ΓöÇΓöÇΓöÇassign release_count
Γöé               Γöé   ΓööΓöÇΓöÇΓöÇvalue: binop +- +
Γöé               Γöé       Γö£ΓöÇΓöÇΓöÇid release_count
Γöé               Γöé       ΓööΓöÇΓöÇΓöÇint 1
Γöé               Γö£ΓöÇΓöÇΓöÇassign reserved_bytes
Γöé               Γöé   ΓööΓöÇΓöÇΓöÇvalue: binop +- -
Γöé               Γöé       Γö£ΓöÇΓöÇΓöÇid reserved_bytes
Γöé               Γöé       ΓööΓöÇΓöÇΓöÇid released_bytes
Γöé               Γö£ΓöÇΓöÇΓöÇif
Γöé               Γöé   Γö£ΓöÇΓöÇΓöÇcond: cmp <
Γöé               Γöé   Γöé   Γö£ΓöÇΓöÇΓöÇid reserved_bytes
Γöé               Γöé   Γöé   ΓööΓöÇΓöÇΓöÇint 0
Γöé               Γöé   ΓööΓöÇΓöÇΓöÇthen
Γöé               Γöé       ΓööΓöÇΓöÇΓöÇassign reserved_bytes
Γöé               Γöé           ΓööΓöÇΓöÇΓöÇvalue: int 0
Γöé               ΓööΓöÇΓöÇΓöÇreturn
Γöé                   ΓööΓöÇΓöÇΓöÇid reserved_bytes
Γö£ΓöÇΓöÇΓöÇmemstruct PageAllocator
Γöé   ΓööΓöÇΓöÇΓöÇbody
Γöé       Γö£ΓöÇΓöÇΓöÇfield str label
Γöé       Γö£ΓöÇΓöÇΓöÇfield str strategy
Γöé       Γö£ΓöÇΓöÇΓöÇfield i32 default_block_bytes
Γöé       Γö£ΓöÇΓöÇΓöÇfield bool thread_safe
Γöé       Γö£ΓöÇΓöÇΓöÇfield bool relocatable
Γöé       Γö£ΓöÇΓöÇΓöÇfield str last_type
Γöé       Γö£ΓöÇΓöÇΓöÇfield i32 allocation_count
Γöé       Γö£ΓöÇΓöÇΓöÇfield i32 release_count
Γöé       Γö£ΓöÇΓöÇΓöÇfield i32 reserved_bytes
Γöé       Γö£ΓöÇΓöÇΓöÇfield i32 peak_bytes
Γöé       Γö£ΓöÇΓöÇΓöÇmethod i32 alloc
Γöé       Γöé   Γö£ΓöÇΓöÇΓöÇparams
Γöé       Γöé   Γöé   Γö£ΓöÇΓöÇΓöÇparam str type_name
Γöé       Γöé   Γöé   ΓööΓöÇΓöÇΓöÇparam i32 requested_bytes
Γöé       Γöé   ΓööΓöÇΓöÇΓöÇbody
Γöé       Γöé       Γö£ΓöÇΓöÇΓöÇassign last_type
Γöé       Γöé       Γöé   ΓööΓöÇΓöÇΓöÇvalue: id type_name
Γöé       Γöé       Γö£ΓöÇΓöÇΓöÇassign allocation_count
Γöé       Γöé       Γöé   ΓööΓöÇΓöÇΓöÇvalue: binop +- +
Γöé       Γöé       Γöé       Γö£ΓöÇΓöÇΓöÇid allocation_count
Γöé       Γöé       Γöé       ΓööΓöÇΓöÇΓöÇint 1
Γöé       Γöé       Γö£ΓöÇΓöÇΓöÇassign reserved_bytes
Γöé       Γöé       Γöé   ΓööΓöÇΓöÇΓöÇvalue: binop +- +
Γöé       Γöé       Γöé       Γö£ΓöÇΓöÇΓöÇid reserved_bytes
Γöé       Γöé       Γöé       ΓööΓöÇΓöÇΓöÇid requested_bytes
Γöé       Γöé       Γö£ΓöÇΓöÇΓöÇif
Γöé       Γöé       Γöé   Γö£ΓöÇΓöÇΓöÇcond: cmp >
Γöé       Γöé       Γöé   Γöé   Γö£ΓöÇΓöÇΓöÇid reserved_bytes
Γöé       Γöé       Γöé   Γöé   ΓööΓöÇΓöÇΓöÇid peak_bytes
Γöé       Γöé       Γöé   ΓööΓöÇΓöÇΓöÇthen
Γöé       Γöé       Γöé       ΓööΓöÇΓöÇΓöÇassign peak_bytes
Γöé       Γöé       Γöé           ΓööΓöÇΓöÇΓöÇvalue: id reserved_bytes
Γöé       Γöé       ΓööΓöÇΓöÇΓöÇreturn
Γöé       Γöé           ΓööΓöÇΓöÇΓöÇid requested_bytes
Γöé       Γö£ΓöÇΓöÇΓöÇmethod i32 resize
Γöé       Γöé   Γö£ΓöÇΓöÇΓöÇparams
Γöé       Γöé   Γöé   Γö£ΓöÇΓöÇΓöÇparam str type_name
Γöé       Γöé   Γöé   Γö£ΓöÇΓöÇΓöÇparam i32 previous_bytes
Γöé       Γöé   Γöé   ΓööΓöÇΓöÇΓöÇparam i32 requested_bytes
Γöé       Γöé   ΓööΓöÇΓöÇΓöÇbody
Γöé       Γöé       Γö£ΓöÇΓöÇΓöÇassign last_type
Γöé       Γöé       Γöé   ΓööΓöÇΓöÇΓöÇvalue: id type_name
Γöé       Γöé       Γö£ΓöÇΓöÇΓöÇassign reserved_bytes
Γöé       Γöé       Γöé   ΓööΓöÇΓöÇΓöÇvalue: binop +- -,+
Γöé       Γöé       Γöé       Γö£ΓöÇΓöÇΓöÇid reserved_bytes
Γöé       Γöé       Γöé       Γö£ΓöÇΓöÇΓöÇid previous_bytes
Γöé       Γöé       Γöé       ΓööΓöÇΓöÇΓöÇid requested_bytes
Γöé       Γöé       Γö£ΓöÇΓöÇΓöÇif
Γöé       Γöé       Γöé   Γö£ΓöÇΓöÇΓöÇcond: cmp <
Γöé       Γöé       Γöé   Γöé   Γö£ΓöÇΓöÇΓöÇid reserved_bytes
Γöé       Γöé       Γöé   Γöé   ΓööΓöÇΓöÇΓöÇint 0
Γöé       Γöé       Γöé   ΓööΓöÇΓöÇΓöÇthen
Γöé       Γöé       Γöé       ΓööΓöÇΓöÇΓöÇassign reserved_bytes
Γöé       Γöé       Γöé           ΓööΓöÇΓöÇΓöÇvalue: int 0
Γöé       Γöé       Γö£ΓöÇΓöÇΓöÇif
Γöé       Γöé       Γöé   Γö£ΓöÇΓöÇΓöÇcond: cmp >
Γöé       Γöé       Γöé   Γöé   Γö£ΓöÇΓöÇΓöÇid reserved_bytes
Γöé       Γöé       Γöé   Γöé   ΓööΓöÇΓöÇΓöÇid peak_bytes
Γöé       Γöé       Γöé   ΓööΓöÇΓöÇΓöÇthen
Γöé       Γöé       Γöé       ΓööΓöÇΓöÇΓöÇassign peak_bytes
Γöé       Γöé       Γöé           ΓööΓöÇΓöÇΓöÇvalue: id reserved_bytes
Γöé       Γöé       ΓööΓöÇΓöÇΓöÇreturn
Γöé       Γöé           ΓööΓöÇΓöÇΓöÇid requested_bytes
Γöé       Γö£ΓöÇΓöÇΓöÇmethod i32 remap
Γöé       Γöé   Γö£ΓöÇΓöÇΓöÇparams
Γöé       Γöé   Γöé   Γö£ΓöÇΓöÇΓöÇparam str type_name
Γöé       Γöé   Γöé   Γö£ΓöÇΓöÇΓöÇparam i32 previous_bytes
Γöé       Γöé   Γöé   ΓööΓöÇΓöÇΓöÇparam i32 requested_bytes
Γöé       Γöé   ΓööΓöÇΓöÇΓöÇbody
Γöé       Γöé       ΓööΓöÇΓöÇΓöÇreturn
Γöé       Γöé           ΓööΓöÇΓöÇΓöÇcall resize(type_name, previous_bytes, requested_bytes)
Γöé       ΓööΓöÇΓöÇΓöÇmethod i32 free
Γöé           Γö£ΓöÇΓöÇΓöÇparams
Γöé           Γöé   Γö£ΓöÇΓöÇΓöÇparam str type_name
Γöé           Γöé   ΓööΓöÇΓöÇΓöÇparam i32 released_bytes
Γöé           ΓööΓöÇΓöÇΓöÇbody
Γöé               Γö£ΓöÇΓöÇΓöÇassign last_type
Γöé               Γöé   ΓööΓöÇΓöÇΓöÇvalue: id type_name
Γöé               Γö£ΓöÇΓöÇΓöÇassign release_count
Γöé               Γöé   ΓööΓöÇΓöÇΓöÇvalue: binop +- +
Γöé               Γöé       Γö£ΓöÇΓöÇΓöÇid release_count
Γöé               Γöé       ΓööΓöÇΓöÇΓöÇint 1
Γöé               Γö£ΓöÇΓöÇΓöÇassign reserved_bytes
Γöé               Γöé   ΓööΓöÇΓöÇΓöÇvalue: binop +- -
Γöé               Γöé       Γö£ΓöÇΓöÇΓöÇid reserved_bytes
Γöé               Γöé       ΓööΓöÇΓöÇΓöÇid released_bytes
Γöé               Γö£ΓöÇΓöÇΓöÇif
Γöé               Γöé   Γö£ΓöÇΓöÇΓöÇcond: cmp <
Γöé               Γöé   Γöé   Γö£ΓöÇΓöÇΓöÇid reserved_bytes
Γöé               Γöé   Γöé   ΓööΓöÇΓöÇΓöÇint 0
Γöé               Γöé   ΓööΓöÇΓöÇΓöÇthen
Γöé               Γöé       ΓööΓöÇΓöÇΓöÇassign reserved_bytes
Γöé               Γöé           ΓööΓöÇΓöÇΓöÇvalue: int 0
Γöé               ΓööΓöÇΓöÇΓöÇreturn
Γöé                   ΓööΓöÇΓöÇΓöÇid reserved_bytes
Γö£ΓöÇΓöÇΓöÇmemstruct TlsfAllocator
Γöé   ΓööΓöÇΓöÇΓöÇbody
Γöé       Γö£ΓöÇΓöÇΓöÇfield str label
Γöé       Γö£ΓöÇΓöÇΓöÇfield str strategy
Γöé       Γö£ΓöÇΓöÇΓöÇfield i32 default_block_bytes
Γöé       Γö£ΓöÇΓöÇΓöÇfield bool thread_safe
Γöé       Γö£ΓöÇΓöÇΓöÇfield bool relocatable
Γöé       Γö£ΓöÇΓöÇΓöÇfield str last_type
Γöé       Γö£ΓöÇΓöÇΓöÇfield i32 allocation_count
Γöé       Γö£ΓöÇΓöÇΓöÇfield i32 release_count
Γöé       Γö£ΓöÇΓöÇΓöÇfield i32 reserved_bytes
Γöé       Γö£ΓöÇΓöÇΓöÇfield i32 peak_bytes
Γöé       Γö£ΓöÇΓöÇΓöÇmethod i32 alloc
Γöé       Γöé   Γö£ΓöÇΓöÇΓöÇparams
Γöé       Γöé   Γöé   Γö£ΓöÇΓöÇΓöÇparam str type_name
Γöé       Γöé   Γöé   ΓööΓöÇΓöÇΓöÇparam i32 requested_bytes
Γöé       Γöé   ΓööΓöÇΓöÇΓöÇbody
Γöé       Γöé       Γö£ΓöÇΓöÇΓöÇassign last_type
Γöé       Γöé       Γöé   ΓööΓöÇΓöÇΓöÇvalue: id type_name
Γöé       Γöé       Γö£ΓöÇΓöÇΓöÇassign allocation_count
Γöé       Γöé       Γöé   ΓööΓöÇΓöÇΓöÇvalue: binop +- +
Γöé       Γöé       Γöé       Γö£ΓöÇΓöÇΓöÇid allocation_count
Γöé       Γöé       Γöé       ΓööΓöÇΓöÇΓöÇint 1
Γöé       Γöé       Γö£ΓöÇΓöÇΓöÇassign reserved_bytes
Γöé       Γöé       Γöé   ΓööΓöÇΓöÇΓöÇvalue: binop +- +
Γöé       Γöé       Γöé       Γö£ΓöÇΓöÇΓöÇid reserved_bytes
Γöé       Γöé       Γöé       ΓööΓöÇΓöÇΓöÇid requested_bytes
Γöé       Γöé       Γö£ΓöÇΓöÇΓöÇif
Γöé       Γöé       Γöé   Γö£ΓöÇΓöÇΓöÇcond: cmp >
Γöé       Γöé       Γöé   Γöé   Γö£ΓöÇΓöÇΓöÇid reserved_bytes
Γöé       Γöé       Γöé   Γöé   ΓööΓöÇΓöÇΓöÇid peak_bytes
Γöé       Γöé       Γöé   ΓööΓöÇΓöÇΓöÇthen
Γöé       Γöé       Γöé       ΓööΓöÇΓöÇΓöÇassign peak_bytes
Γöé       Γöé       Γöé           ΓööΓöÇΓöÇΓöÇvalue: id reserved_bytes
Γöé       Γöé       ΓööΓöÇΓöÇΓöÇreturn
Γöé       Γöé           ΓööΓöÇΓöÇΓöÇid requested_bytes
Γöé       Γö£ΓöÇΓöÇΓöÇmethod i32 resize
Γöé       Γöé   Γö£ΓöÇΓöÇΓöÇparams
Γöé       Γöé   Γöé   Γö£ΓöÇΓöÇΓöÇparam str type_name
Γöé       Γöé   Γöé   Γö£ΓöÇΓöÇΓöÇparam i32 previous_bytes
Γöé       Γöé   Γöé   ΓööΓöÇΓöÇΓöÇparam i32 requested_bytes
Γöé       Γöé   ΓööΓöÇΓöÇΓöÇbody
Γöé       Γöé       Γö£ΓöÇΓöÇΓöÇassign last_type
Γöé       Γöé       Γöé   ΓööΓöÇΓöÇΓöÇvalue: id type_name
Γöé       Γöé       Γö£ΓöÇΓöÇΓöÇassign reserved_bytes
Γöé       Γöé       Γöé   ΓööΓöÇΓöÇΓöÇvalue: binop +- -,+
Γöé       Γöé       Γöé       Γö£ΓöÇΓöÇΓöÇid reserved_bytes
Γöé       Γöé       Γöé       Γö£ΓöÇΓöÇΓöÇid previous_bytes
Γöé       Γöé       Γöé       ΓööΓöÇΓöÇΓöÇid requested_bytes
Γöé       Γöé       Γö£ΓöÇΓöÇΓöÇif
Γöé       Γöé       Γöé   Γö£ΓöÇΓöÇΓöÇcond: cmp <
Γöé       Γöé       Γöé   Γöé   Γö£ΓöÇΓöÇΓöÇid reserved_bytes
Γöé       Γöé       Γöé   Γöé   ΓööΓöÇΓöÇΓöÇint 0
Γöé       Γöé       Γöé   ΓööΓöÇΓöÇΓöÇthen
Γöé       Γöé       Γöé       ΓööΓöÇΓöÇΓöÇassign reserved_bytes
Γöé       Γöé       Γöé           ΓööΓöÇΓöÇΓöÇvalue: int 0
Γöé       Γöé       Γö£ΓöÇΓöÇΓöÇif
Γöé       Γöé       Γöé   Γö£ΓöÇΓöÇΓöÇcond: cmp >
Γöé       Γöé       Γöé   Γöé   Γö£ΓöÇΓöÇΓöÇid reserved_bytes
Γöé       Γöé       Γöé   Γöé   ΓööΓöÇΓöÇΓöÇid peak_bytes
Γöé       Γöé       Γöé   ΓööΓöÇΓöÇΓöÇthen
Γöé       Γöé       Γöé       ΓööΓöÇΓöÇΓöÇassign peak_bytes
Γöé       Γöé       Γöé           ΓööΓöÇΓöÇΓöÇvalue: id reserved_bytes
Γöé       Γöé       ΓööΓöÇΓöÇΓöÇreturn
Γöé       Γöé           ΓööΓöÇΓöÇΓöÇid requested_bytes
Γöé       Γö£ΓöÇΓöÇΓöÇmethod i32 remap
Γöé       Γöé   Γö£ΓöÇΓöÇΓöÇparams
Γöé       Γöé   Γöé   Γö£ΓöÇΓöÇΓöÇparam str type_name
Γöé       Γöé   Γöé   Γö£ΓöÇΓöÇΓöÇparam i32 previous_bytes
Γöé       Γöé   Γöé   ΓööΓöÇΓöÇΓöÇparam i32 requested_bytes
Γöé       Γöé   ΓööΓöÇΓöÇΓöÇbody
Γöé       Γöé       ΓööΓöÇΓöÇΓöÇreturn
Γöé       Γöé           ΓööΓöÇΓöÇΓöÇcall resize(type_name, previous_bytes, requested_bytes)
Γöé       ΓööΓöÇΓöÇΓöÇmethod i32 free
Γöé           Γö£ΓöÇΓöÇΓöÇparams
Γöé           Γöé   Γö£ΓöÇΓöÇΓöÇparam str type_name
Γöé           Γöé   ΓööΓöÇΓöÇΓöÇparam i32 released_bytes
Γöé           ΓööΓöÇΓöÇΓöÇbody
Γöé               Γö£ΓöÇΓöÇΓöÇassign last_type
Γöé               Γöé   ΓööΓöÇΓöÇΓöÇvalue: id type_name
Γöé               Γö£ΓöÇΓöÇΓöÇassign release_count
Γöé               Γöé   ΓööΓöÇΓöÇΓöÇvalue: binop +- +
Γöé               Γöé       Γö£ΓöÇΓöÇΓöÇid release_count
Γöé               Γöé       ΓööΓöÇΓöÇΓöÇint 1
Γöé               Γö£ΓöÇΓöÇΓöÇassign reserved_bytes
Γöé               Γöé   ΓööΓöÇΓöÇΓöÇvalue: binop +- -
Γöé               Γöé       Γö£ΓöÇΓöÇΓöÇid reserved_bytes
Γöé               Γöé       ΓööΓöÇΓöÇΓöÇid released_bytes
Γöé               Γö£ΓöÇΓöÇΓöÇif
Γöé               Γöé   Γö£ΓöÇΓöÇΓöÇcond: cmp <
Γöé               Γöé   Γöé   Γö£ΓöÇΓöÇΓöÇid reserved_bytes
Γöé               Γöé   Γöé   ΓööΓöÇΓöÇΓöÇint 0
Γöé               Γöé   ΓööΓöÇΓöÇΓöÇthen
Γöé               Γöé       ΓööΓöÇΓöÇΓöÇassign reserved_bytes
Γöé               Γöé           ΓööΓöÇΓöÇΓöÇvalue: int 0
Γöé               ΓööΓöÇΓöÇΓöÇreturn
Γöé                   ΓööΓöÇΓöÇΓöÇid reserved_bytes
Γö£ΓöÇΓöÇΓöÇfn sys__alloc_default -> DefaultAllocator
Γöé   ΓööΓöÇΓöÇΓöÇbody
Γöé       Γö£ΓöÇΓöÇΓöÇinit allocator
Γöé       Γöé   Γö£ΓöÇΓöÇΓöÇtype DefaultAllocator
Γöé       Γöé   ΓööΓöÇΓöÇΓöÇvalue: brace {.label="default",.strategy="general",.default_block_bytes=4096...
Γöé       ΓööΓöÇΓöÇΓöÇreturn
Γöé           ΓööΓöÇΓöÇΓöÇid allocator
Γö£ΓöÇΓöÇΓöÇfn sys__alloc_gpa -> GeneralPurposeAllocator
Γöé   ΓööΓöÇΓöÇΓöÇbody
Γöé       Γö£ΓöÇΓöÇΓöÇinit allocator
Γöé       Γöé   Γö£ΓöÇΓöÇΓöÇtype GeneralPurposeAllocator
Γöé       Γöé   ΓööΓöÇΓöÇΓöÇvalue: brace {.label="gpa",.strategy="general-purpose",.default_block_bytes=...
Γöé       ΓööΓöÇΓöÇΓöÇreturn
Γöé           ΓööΓöÇΓöÇΓöÇid allocator
Γö£ΓöÇΓöÇΓöÇfn sys__alloc_arena -> ArenaAllocator
Γöé   ΓööΓöÇΓöÇΓöÇbody
Γöé       Γö£ΓöÇΓöÇΓöÇinit allocator
Γöé       Γöé   Γö£ΓöÇΓöÇΓöÇtype ArenaAllocator
Γöé       Γöé   ΓööΓöÇΓöÇΓöÇvalue: brace {.label="arena",.strategy="arena",.default_block_bytes=16384,.t...
Γöé       ΓööΓöÇΓöÇΓöÇreturn
Γöé           ΓööΓöÇΓöÇΓöÇid allocator
Γö£ΓöÇΓöÇΓöÇfn sys__alloc_bump -> BumpAllocator
Γöé   ΓööΓöÇΓöÇΓöÇbody
Γöé       Γö£ΓöÇΓöÇΓöÇinit allocator
Γöé       Γöé   Γö£ΓöÇΓöÇΓöÇtype BumpAllocator
Γöé       Γöé   ΓööΓöÇΓöÇΓöÇvalue: brace {.label="bump",.strategy="bump",.default_block_bytes=8192,.thre...
Γöé       ΓööΓöÇΓöÇΓöÇreturn
Γöé           ΓööΓöÇΓöÇΓöÇid allocator
Γö£ΓöÇΓöÇΓöÇfn sys__alloc_pool -> PoolAllocator
Γöé   ΓööΓöÇΓöÇΓöÇbody
Γöé       Γö£ΓöÇΓöÇΓöÇinit allocator
Γöé       Γöé   Γö£ΓöÇΓöÇΓöÇtype PoolAllocator
Γöé       Γöé   ΓööΓöÇΓöÇΓöÇvalue: brace {.label="pool",.strategy="pool",.default_block_bytes=2048,.thre...
Γöé       ΓööΓöÇΓöÇΓöÇreturn
Γöé           ΓööΓöÇΓöÇΓöÇid allocator
Γö£ΓöÇΓöÇΓöÇfn sys__alloc_slab -> SlabAllocator
Γöé   ΓööΓöÇΓöÇΓöÇbody
Γöé       Γö£ΓöÇΓöÇΓöÇinit allocator
Γöé       Γöé   Γö£ΓöÇΓöÇΓöÇtype SlabAllocator
Γöé       Γöé   ΓööΓöÇΓöÇΓöÇvalue: brace {.label="slab",.strategy="slab",.default_block_bytes=4096,.thre...
Γöé       ΓööΓöÇΓöÇΓöÇreturn
Γöé           ΓööΓöÇΓöÇΓöÇid allocator
Γö£ΓöÇΓöÇΓöÇfn sys__alloc_stack -> StackAllocator
Γöé   ΓööΓöÇΓöÇΓöÇbody
Γöé       Γö£ΓöÇΓöÇΓöÇinit allocator
Γöé       Γöé   Γö£ΓöÇΓöÇΓöÇtype StackAllocator
Γöé       Γöé   ΓööΓöÇΓöÇΓöÇvalue: brace {.label="stack",.strategy="stack",.default_block_bytes=1024,.th...
Γöé       ΓööΓöÇΓöÇΓöÇreturn
Γöé           ΓööΓöÇΓöÇΓöÇid allocator
Γö£ΓöÇΓöÇΓöÇfn sys__alloc_scratch -> ScratchAllocator
Γöé   ΓööΓöÇΓöÇΓöÇbody
Γöé       Γö£ΓöÇΓöÇΓöÇinit allocator
Γöé       Γöé   Γö£ΓöÇΓöÇΓöÇtype ScratchAllocator
Γöé       Γöé   ΓööΓöÇΓöÇΓöÇvalue: brace {.label="scratch",.strategy="scratch",.default_block_bytes=1024...
Γöé       ΓööΓöÇΓöÇΓöÇreturn
Γöé           ΓööΓöÇΓöÇΓöÇid allocator
Γö£ΓöÇΓöÇΓöÇfn sys__alloc_page -> PageAllocator
Γöé   ΓööΓöÇΓöÇΓöÇbody
Γöé       Γö£ΓöÇΓöÇΓöÇinit allocator
Γöé       Γöé   Γö£ΓöÇΓöÇΓöÇtype PageAllocator
Γöé       Γöé   ΓööΓöÇΓöÇΓöÇvalue: brace {.label="page",.strategy="page",.default_block_bytes=65536,.thr...
Γöé       ΓööΓöÇΓöÇΓöÇreturn
Γöé           ΓööΓöÇΓöÇΓöÇid allocator
Γö£ΓöÇΓöÇΓöÇfn sys__alloc_tlsf -> TlsfAllocator
Γöé   ΓööΓöÇΓöÇΓöÇbody
Γöé       Γö£ΓöÇΓöÇΓöÇinit allocator
Γöé       Γöé   Γö£ΓöÇΓöÇΓöÇtype TlsfAllocator
Γöé       Γöé   ΓööΓöÇΓöÇΓöÇvalue: brace {.label="tlsf",.strategy="tlsf",.default_block_bytes=4096,.thre...
Γöé       ΓööΓöÇΓöÇΓöÇreturn
Γöé           ΓööΓöÇΓöÇΓöÇid allocator
Γö£ΓöÇΓöÇΓöÇfn sys__file_open -> file
Γöé   Γö£ΓöÇΓöÇΓöÇparams
Γöé   Γöé   Γö£ΓöÇΓöÇΓöÇparam nconst str& path
Γöé   Γöé   ΓööΓöÇΓöÇΓöÇparam nconst str& mode
Γöé   ΓööΓöÇΓöÇΓöÇbody
Γöé       ΓööΓöÇΓöÇΓöÇreturn
Γöé           ΓööΓöÇΓöÇΓöÇcall sys__native_file_open(path, mode)
Γö£ΓöÇΓöÇΓöÇfn sys__file_create -> file
Γöé   Γö£ΓöÇΓöÇΓöÇparams
Γöé   Γöé   ΓööΓöÇΓöÇΓöÇparam nconst str& path
Γöé   ΓööΓöÇΓöÇΓöÇbody
Γöé       ΓööΓöÇΓöÇΓöÇreturn
Γöé           ΓööΓöÇΓöÇΓöÇcall sys__native_file_create(path)
Γö£ΓöÇΓöÇΓöÇfn sys__file_write -> i32
Γöé   Γö£ΓöÇΓöÇΓöÇparams
Γöé   Γöé   Γö£ΓöÇΓöÇΓöÇparam nconst file& value
Γöé   Γöé   ΓööΓöÇΓöÇΓöÇparam nconst str& text
Γöé   ΓööΓöÇΓöÇΓöÇbody
Γöé       ΓööΓöÇΓöÇΓöÇreturn
Γöé           ΓööΓöÇΓöÇΓöÇcall sys__native_file_write(value, text)
Γö£ΓöÇΓöÇΓöÇfn sys__file_read_all -> str
Γöé   Γö£ΓöÇΓöÇΓöÇparams
Γöé   Γöé   ΓööΓöÇΓöÇΓöÇparam nconst file& value
Γöé   ΓööΓöÇΓöÇΓöÇbody
Γöé       ΓööΓöÇΓöÇΓöÇreturn
Γöé           ΓööΓöÇΓöÇΓöÇcall sys__native_file_read_all(value)
Γö£ΓöÇΓöÇΓöÇfn sys__file_close -> i32
Γöé   Γö£ΓöÇΓöÇΓöÇparams
Γöé   Γöé   ΓööΓöÇΓöÇΓöÇparam nconst file& value
Γöé   ΓööΓöÇΓöÇΓöÇbody
Γöé       ΓööΓöÇΓöÇΓöÇreturn
Γöé           ΓööΓöÇΓöÇΓöÇcall sys__native_file_close(value)
Γö£ΓöÇΓöÇΓöÇfn sys__file_path -> str
Γöé   Γö£ΓöÇΓöÇΓöÇparams
Γöé   Γöé   ΓööΓöÇΓöÇΓöÇparam nconst file& value
Γöé   ΓööΓöÇΓöÇΓöÇbody
Γöé       ΓööΓöÇΓöÇΓöÇreturn
Γöé           ΓööΓöÇΓöÇΓöÇcall sys__native_file_path(value)
Γö£ΓöÇΓöÇΓöÇfn sys__file_sync_all -> i32
Γöé   Γö£ΓöÇΓöÇΓöÇparams
Γöé   Γöé   ΓööΓöÇΓöÇΓöÇparam nconst file& value
Γöé   ΓööΓöÇΓöÇΓöÇbody
Γöé       ΓööΓöÇΓöÇΓöÇreturn
Γöé           ΓööΓöÇΓöÇΓöÇcall sys__native_file_sync_all(value)
Γö£ΓöÇΓöÇΓöÇfn sys__file_sync_data -> i32
Γöé   Γö£ΓöÇΓöÇΓöÇparams
Γöé   Γöé   ΓööΓöÇΓöÇΓöÇparam nconst file& value
Γöé   ΓööΓöÇΓöÇΓöÇbody
Γöé       ΓööΓöÇΓöÇΓöÇreturn
Γöé           ΓööΓöÇΓöÇΓöÇcall sys__native_file_sync_data(value)
Γö£ΓöÇΓöÇΓöÇfn sys__file_set_len -> i32
Γöé   Γö£ΓöÇΓöÇΓöÇparams
Γöé   Γöé   Γö£ΓöÇΓöÇΓöÇparam nconst file& value
Γöé   Γöé   ΓööΓöÇΓöÇΓöÇparam long size
Γöé   ΓööΓöÇΓöÇΓöÇbody
Γöé       ΓööΓöÇΓöÇΓöÇreturn
Γöé           ΓööΓöÇΓöÇΓöÇcall sys__native_file_set_len(value, size)
Γö£ΓöÇΓöÇΓöÇfn sys__file_metadata -> metadata
Γöé   Γö£ΓöÇΓöÇΓöÇparams
Γöé   Γöé   ΓööΓöÇΓöÇΓöÇparam nconst file& value
Γöé   ΓööΓöÇΓöÇΓöÇbody
Γöé       ΓööΓöÇΓöÇΓöÇreturn
Γöé           ΓööΓöÇΓöÇΓöÇcall sys__native_file_metadata(value)
Γö£ΓöÇΓöÇΓöÇfn sys__meta_size -> long
Γöé   Γö£ΓöÇΓöÇΓöÇparams
Γöé   Γöé   ΓööΓöÇΓöÇΓöÇparam nconst metadata& value
Γöé   ΓööΓöÇΓöÇΓöÇbody
Γöé       ΓööΓöÇΓöÇΓöÇreturn
Γöé           ΓööΓöÇΓöÇΓöÇcall sys__native_meta_size(value)
Γö£ΓöÇΓöÇΓöÇfn sys__meta_modified -> str
Γöé   Γö£ΓöÇΓöÇΓöÇparams
Γöé   Γöé   ΓööΓöÇΓöÇΓöÇparam nconst metadata& value
Γöé   ΓööΓöÇΓöÇΓöÇbody
Γöé       ΓööΓöÇΓöÇΓöÇreturn
Γöé           ΓööΓöÇΓöÇΓöÇcall sys__native_meta_modified(value)
Γö£ΓöÇΓöÇΓöÇfn sys__meta_accessed -> str
Γöé   Γö£ΓöÇΓöÇΓöÇparams
Γöé   Γöé   ΓööΓöÇΓöÇΓöÇparam nconst metadata& value
Γöé   ΓööΓöÇΓöÇΓöÇbody
Γöé       ΓööΓöÇΓöÇΓöÇreturn
Γöé           ΓööΓöÇΓöÇΓöÇcall sys__native_meta_accessed(value)
Γö£ΓöÇΓöÇΓöÇfn sys__meta_created -> str
Γöé   Γö£ΓöÇΓöÇΓöÇparams
Γöé   Γöé   ΓööΓöÇΓöÇΓöÇparam nconst metadata& value
Γöé   ΓööΓöÇΓöÇΓöÇbody
Γöé       ΓööΓöÇΓöÇΓöÇreturn
Γöé           ΓööΓöÇΓöÇΓöÇcall sys__native_meta_created(value)
Γö£ΓöÇΓöÇΓöÇfn sys__meta_is_dir -> i32
Γöé   Γö£ΓöÇΓöÇΓöÇparams
Γöé   Γöé   ΓööΓöÇΓöÇΓöÇparam nconst metadata& value
Γöé   ΓööΓöÇΓöÇΓöÇbody
Γöé       ΓööΓöÇΓöÇΓöÇreturn
Γöé           ΓööΓöÇΓöÇΓöÇcall sys__native_meta_is_dir(value)
Γö£ΓöÇΓöÇΓöÇfn sys__meta_is_file -> i32
Γöé   Γö£ΓöÇΓöÇΓöÇparams
Γöé   Γöé   ΓööΓöÇΓöÇΓöÇparam nconst metadata& value
Γöé   ΓööΓöÇΓöÇΓöÇbody
Γöé       ΓööΓöÇΓöÇΓöÇreturn
Γöé           ΓööΓöÇΓöÇΓöÇcall sys__native_meta_is_file(value)
Γö£ΓöÇΓöÇΓöÇfn sys__perm_readonly -> i32
Γöé   Γö£ΓöÇΓöÇΓöÇparams
Γöé   Γöé   ΓööΓöÇΓöÇΓöÇparam nconst metadata& value
Γöé   ΓööΓöÇΓöÇΓöÇbody
Γöé       ΓööΓöÇΓöÇΓöÇreturn
Γöé           ΓööΓöÇΓöÇΓöÇcall sys__native_perm_readonly(value)
Γö£ΓöÇΓöÇΓöÇfn sys__fs_create_dir -> i32
Γöé   Γö£ΓöÇΓöÇΓöÇparams
Γöé   Γöé   ΓööΓöÇΓöÇΓöÇparam nconst str& path
Γöé   ΓööΓöÇΓöÇΓöÇbody
Γöé       ΓööΓöÇΓöÇΓöÇreturn
Γöé           ΓööΓöÇΓöÇΓöÇcall sys__native_fs_create_dir(path)
Γö£ΓöÇΓöÇΓöÇfn sys__fs_create_dir_all -> i32
Γöé   Γö£ΓöÇΓöÇΓöÇparams
Γöé   Γöé   ΓööΓöÇΓöÇΓöÇparam nconst str& path
Γöé   ΓööΓöÇΓöÇΓöÇbody
Γöé       ΓööΓöÇΓöÇΓöÇreturn
Γöé           ΓööΓöÇΓöÇΓöÇcall sys__native_fs_create_dir_all(path)
Γö£ΓöÇΓöÇΓöÇfn sys__fs_remove_file -> i32
Γöé   Γö£ΓöÇΓöÇΓöÇparams
Γöé   Γöé   ΓööΓöÇΓöÇΓöÇparam nconst str& path
Γöé   ΓööΓöÇΓöÇΓöÇbody
Γöé       ΓööΓöÇΓöÇΓöÇreturn
Γöé           ΓööΓöÇΓöÇΓöÇcall sys__native_fs_remove_file(path)
Γö£ΓöÇΓöÇΓöÇfn sys__fs_remove_dir -> i32
Γöé   Γö£ΓöÇΓöÇΓöÇparams
Γöé   Γöé   ΓööΓöÇΓöÇΓöÇparam nconst str& path
Γöé   ΓööΓöÇΓöÇΓöÇbody
Γöé       ΓööΓöÇΓöÇΓöÇreturn
Γöé           ΓööΓöÇΓöÇΓöÇcall sys__native_fs_remove_dir(path)
Γö£ΓöÇΓöÇΓöÇfn sys__fs_remove_dir_all -> i32
Γöé   Γö£ΓöÇΓöÇΓöÇparams
Γöé   Γöé   ΓööΓöÇΓöÇΓöÇparam nconst str& path
Γöé   ΓööΓöÇΓöÇΓöÇbody
Γöé       ΓööΓöÇΓöÇΓöÇreturn
Γöé           ΓööΓöÇΓöÇΓöÇcall sys__native_fs_remove_dir_all(path)
Γö£ΓöÇΓöÇΓöÇfn sys__fs_rename -> i32
Γöé   Γö£ΓöÇΓöÇΓöÇparams
Γöé   Γöé   Γö£ΓöÇΓöÇΓöÇparam nconst str& from
Γöé   Γöé   ΓööΓöÇΓöÇΓöÇparam nconst str& to
Γöé   ΓööΓöÇΓöÇΓöÇbody
Γöé       ΓööΓöÇΓöÇΓöÇreturn
Γöé           ΓööΓöÇΓöÇΓöÇcall sys__native_fs_rename(from, to)
Γö£ΓöÇΓöÇΓöÇfn sys__fs_copy -> i32
Γöé   Γö£ΓöÇΓöÇΓöÇparams
Γöé   Γöé   Γö£ΓöÇΓöÇΓöÇparam nconst str& from
Γöé   Γöé   ΓööΓöÇΓöÇΓöÇparam nconst str& to
Γöé   ΓööΓöÇΓöÇΓöÇbody
Γöé       ΓööΓöÇΓöÇΓöÇreturn
Γöé           ΓööΓöÇΓöÇΓöÇcall sys__native_fs_copy(from, to)
Γö£ΓöÇΓöÇΓöÇfn sys__fs_read_dir -> str
Γöé   Γö£ΓöÇΓöÇΓöÇparams
Γöé   Γöé   Γö£ΓöÇΓöÇΓöÇparam nconst str& path
Γöé   Γöé   ΓööΓöÇΓöÇΓöÇparam nconst str& delimiter
Γöé   ΓööΓöÇΓöÇΓöÇbody
Γöé       ΓööΓöÇΓöÇΓöÇreturn
Γöé           ΓööΓöÇΓöÇΓöÇcall sys__native_fs_read_dir(path, delimiter)
Γö£ΓöÇΓöÇΓöÇfn sys__fs_hard_link -> i32
Γöé   Γö£ΓöÇΓöÇΓöÇparams
Γöé   Γöé   Γö£ΓöÇΓöÇΓöÇparam nconst str& source
Γöé   Γöé   ΓööΓöÇΓöÇΓöÇparam nconst str& destination
Γöé   ΓööΓöÇΓöÇΓöÇbody
Γöé       ΓööΓöÇΓöÇΓöÇreturn
Γöé           ΓööΓöÇΓöÇΓöÇcall sys__native_fs_hard_link(source, destination)
Γö£ΓöÇΓöÇΓöÇfn sys__fs_symlink -> i32
Γöé   Γö£ΓöÇΓöÇΓöÇparams
Γöé   Γöé   Γö£ΓöÇΓöÇΓöÇparam nconst str& source
Γöé   Γöé   ΓööΓöÇΓöÇΓöÇparam nconst str& destination
Γöé   ΓööΓöÇΓöÇΓöÇbody
Γöé       ΓööΓöÇΓöÇΓöÇreturn
Γöé           ΓööΓöÇΓöÇΓöÇcall sys__native_fs_symlink(source, destination)
Γö£ΓöÇΓöÇΓöÇfn sys__fs_read_link -> str
Γöé   Γö£ΓöÇΓöÇΓöÇparams
Γöé   Γöé   ΓööΓöÇΓöÇΓöÇparam nconst str& path
Γöé   ΓööΓöÇΓöÇΓöÇbody
Γöé       ΓööΓöÇΓöÇΓöÇreturn
Γöé           ΓööΓöÇΓöÇΓöÇcall sys__native_fs_read_link(path)
Γö£ΓöÇΓöÇΓöÇfn sys__fs_exists -> i32
Γöé   Γö£ΓöÇΓöÇΓöÇparams
Γöé   Γöé   ΓööΓöÇΓöÇΓöÇparam nconst str& path
Γöé   ΓööΓöÇΓöÇΓöÇbody
Γöé       ΓööΓöÇΓöÇΓöÇreturn
Γöé           ΓööΓöÇΓöÇΓöÇcall sys__native_fs_exists(path)
Γö£ΓöÇΓöÇΓöÇfn sys__path_parent -> str
Γöé   Γö£ΓöÇΓöÇΓöÇparams
Γöé   Γöé   ΓööΓöÇΓöÇΓöÇparam nconst str& path
Γöé   ΓööΓöÇΓöÇΓöÇbody
Γöé       ΓööΓöÇΓöÇΓöÇreturn
Γöé           ΓööΓöÇΓöÇΓöÇcall sys__native_path_parent(path)
Γö£ΓöÇΓöÇΓöÇfn sys__path_file_name -> str
Γöé   Γö£ΓöÇΓöÇΓöÇparams
Γöé   Γöé   ΓööΓöÇΓöÇΓöÇparam nconst str& path
Γöé   ΓööΓöÇΓöÇΓöÇbody
Γöé       ΓööΓöÇΓöÇΓöÇreturn
Γöé           ΓööΓöÇΓöÇΓöÇcall sys__native_path_file_name(path)
Γö£ΓöÇΓöÇΓöÇfn sys__path_extension -> str
Γöé   Γö£ΓöÇΓöÇΓöÇparams
Γöé   Γöé   ΓööΓöÇΓöÇΓöÇparam nconst str& path
Γöé   ΓööΓöÇΓöÇΓöÇbody
Γöé       ΓööΓöÇΓöÇΓöÇreturn
Γöé           ΓööΓöÇΓöÇΓöÇcall sys__native_path_extension(path)
Γö£ΓöÇΓöÇΓöÇfn sys__path_file_stem -> str
Γöé   Γö£ΓöÇΓöÇΓöÇparams
Γöé   Γöé   ΓööΓöÇΓöÇΓöÇparam nconst str& path
Γöé   ΓööΓöÇΓöÇΓöÇbody
Γöé       ΓööΓöÇΓöÇΓöÇreturn
Γöé           ΓööΓöÇΓöÇΓöÇcall sys__native_path_file_stem(path)
Γö£ΓöÇΓöÇΓöÇfn sys__path_is_absolute -> i32
Γöé   Γö£ΓöÇΓöÇΓöÇparams
Γöé   Γöé   ΓööΓöÇΓöÇΓöÇparam nconst str& path
Γöé   ΓööΓöÇΓöÇΓöÇbody
Γöé       ΓööΓöÇΓöÇΓöÇreturn
Γöé           ΓööΓöÇΓöÇΓöÇcall sys__native_path_is_absolute(path)
Γö£ΓöÇΓöÇΓöÇfn sys__path_is_relative -> i32
Γöé   Γö£ΓöÇΓöÇΓöÇparams
Γöé   Γöé   ΓööΓöÇΓöÇΓöÇparam nconst str& path
Γöé   ΓööΓöÇΓöÇΓöÇbody
Γöé       ΓööΓöÇΓöÇΓöÇreturn
Γöé           ΓööΓöÇΓöÇΓöÇcall sys__native_path_is_relative(path)
Γö£ΓöÇΓöÇΓöÇfn sys__path_to_absolute -> str
Γöé   Γö£ΓöÇΓöÇΓöÇparams
Γöé   Γöé   ΓööΓöÇΓöÇΓöÇparam nconst str& path
Γöé   ΓööΓöÇΓöÇΓöÇbody
Γöé       ΓööΓöÇΓöÇΓöÇreturn
Γöé           ΓööΓöÇΓöÇΓöÇcall sys__native_path_to_absolute(path)
Γö£ΓöÇΓöÇΓöÇfn sys__path_canonicalize -> str
Γöé   Γö£ΓöÇΓöÇΓöÇparams
Γöé   Γöé   ΓööΓöÇΓöÇΓöÇparam nconst str& path
Γöé   ΓööΓöÇΓöÇΓöÇbody
Γöé       ΓööΓöÇΓöÇΓöÇreturn
Γöé           ΓööΓöÇΓöÇΓöÇcall sys__native_path_canonicalize(path)
Γö£ΓöÇΓöÇΓöÇfn sys__path_components -> str
Γöé   Γö£ΓöÇΓöÇΓöÇparams
Γöé   Γöé   Γö£ΓöÇΓöÇΓöÇparam nconst str& path
Γöé   Γöé   ΓööΓöÇΓöÇΓöÇparam nconst str& delimiter
Γöé   ΓööΓöÇΓöÇΓöÇbody
Γöé       ΓööΓöÇΓöÇΓöÇreturn
Γöé           ΓööΓöÇΓöÇΓöÇcall sys__native_path_components(path, delimiter)
Γö£ΓöÇΓöÇΓöÇunsafe-block
Γö£ΓöÇΓöÇΓöÇfn sys__process_spawn -> process
Γöé   Γö£ΓöÇΓöÇΓöÇparams
Γöé   Γöé   ΓööΓöÇΓöÇΓöÇparam nconst str& command
Γöé   ΓööΓöÇΓöÇΓöÇbody
Γöé       ΓööΓöÇΓöÇΓöÇreturn
Γöé           ΓööΓöÇΓöÇΓöÇcall sys__native_process_spawn(command)
Γö£ΓöÇΓöÇΓöÇfn sys__process_wait -> i32
Γöé   Γö£ΓöÇΓöÇΓöÇparams
Γöé   Γöé   ΓööΓöÇΓöÇΓöÇparam nconst process& value
Γöé   ΓööΓöÇΓöÇΓöÇbody
Γöé       ΓööΓöÇΓöÇΓöÇreturn
Γöé           ΓööΓöÇΓöÇΓöÇcall sys__native_process_wait(value)
Γö£ΓöÇΓöÇΓöÇfn sys__process_try_wait -> i32
Γöé   Γö£ΓöÇΓöÇΓöÇparams
Γöé   Γöé   ΓööΓöÇΓöÇΓöÇparam nconst process& value
Γöé   ΓööΓöÇΓöÇΓöÇbody
Γöé       ΓööΓöÇΓöÇΓöÇreturn
Γöé           ΓööΓöÇΓöÇΓöÇcall sys__native_process_try_wait(value)
Γö£ΓöÇΓöÇΓöÇfn sys__process_exit_code -> i32
Γöé   Γö£ΓöÇΓöÇΓöÇparams
Γöé   Γöé   ΓööΓöÇΓöÇΓöÇparam nconst process& value
Γöé   ΓööΓöÇΓöÇΓöÇbody
Γöé       ΓööΓöÇΓöÇΓöÇreturn
Γöé           ΓööΓöÇΓöÇΓöÇcall sys__native_process_exit_code(value)
Γö£ΓöÇΓöÇΓöÇfn sys__process_completed -> i32
Γöé   Γö£ΓöÇΓöÇΓöÇparams
Γöé   Γöé   ΓööΓöÇΓöÇΓöÇparam nconst process& value
Γöé   ΓööΓöÇΓöÇΓöÇbody
Γöé       ΓööΓöÇΓöÇΓöÇreturn
Γöé           ΓööΓöÇΓöÇΓöÇcall sys__native_process_completed(value)
Γö£ΓöÇΓöÇΓöÇfn sys__process_kill -> i32
Γöé   Γö£ΓöÇΓöÇΓöÇparams
Γöé   Γöé   ΓööΓöÇΓöÇΓöÇparam nconst process& value
Γöé   ΓööΓöÇΓöÇΓöÇbody
Γöé       ΓööΓöÇΓöÇΓöÇreturn
Γöé           ΓööΓöÇΓöÇΓöÇcall sys__native_process_kill(value)
Γö£ΓöÇΓöÇΓöÇfn sys__process_command -> str
Γöé   Γö£ΓöÇΓöÇΓöÇparams
Γöé   Γöé   ΓööΓöÇΓöÇΓöÇparam nconst process& value
Γöé   ΓööΓöÇΓöÇΓöÇbody
Γöé       ΓööΓöÇΓöÇΓöÇreturn
Γöé           ΓööΓöÇΓöÇΓöÇcall sys__native_process_command(value)
Γö£ΓöÇΓöÇΓöÇunsafe-block
Γö£ΓöÇΓöÇΓöÇfn sys__task_ready_i32 -> task
Γöé   Γö£ΓöÇΓöÇΓöÇparams
Γöé   Γöé   ΓööΓöÇΓöÇΓöÇparam i32 value
Γöé   ΓööΓöÇΓöÇΓöÇbody
Γöé       ΓööΓöÇΓöÇΓöÇreturn
Γöé           ΓööΓöÇΓöÇΓöÇcall sys__native_task_ready_i32(value)
Γö£ΓöÇΓöÇΓöÇfn sys__task_ready_str -> task
Γöé   Γö£ΓöÇΓöÇΓöÇparams
Γöé   Γöé   ΓööΓöÇΓöÇΓöÇparam nconst str& value
Γöé   ΓööΓöÇΓöÇΓöÇbody
Γöé       ΓööΓöÇΓöÇΓöÇreturn
Γöé           ΓööΓöÇΓöÇΓöÇcall sys__native_task_ready_str(value)
Γö£ΓöÇΓöÇΓöÇfn sys__task_ready_bool -> task
Γöé   Γö£ΓöÇΓöÇΓöÇparams
Γöé   Γöé   ΓööΓöÇΓöÇΓöÇparam i32 value
Γöé   ΓööΓöÇΓöÇΓöÇbody
Γöé       ΓööΓöÇΓöÇΓöÇreturn
Γöé           ΓööΓöÇΓöÇΓöÇcall sys__native_task_ready_bool(value)
Γö£ΓöÇΓöÇΓöÇfn sys__task_ready_f64 -> task
Γöé   Γö£ΓöÇΓöÇΓöÇparams
Γöé   Γöé   ΓööΓöÇΓöÇΓöÇparam f64 value
Γöé   ΓööΓöÇΓöÇΓöÇbody
Γöé       ΓööΓöÇΓöÇΓöÇreturn
Γöé           ΓööΓöÇΓöÇΓöÇcall sys__native_task_ready_f64(value)
Γö£ΓöÇΓöÇΓöÇfn sys__task_done -> i32
Γöé   Γö£ΓöÇΓöÇΓöÇparams
Γöé   Γöé   ΓööΓöÇΓöÇΓöÇparam nconst task& value
Γöé   ΓööΓöÇΓöÇΓöÇbody
Γöé       ΓööΓöÇΓöÇΓöÇreturn
Γöé           ΓööΓöÇΓöÇΓöÇcall sys__native_task_done(value)
Γö£ΓöÇΓöÇΓöÇfn sys__task_await_i32 -> i32
Γöé   Γö£ΓöÇΓöÇΓöÇparams
Γöé   Γöé   ΓööΓöÇΓöÇΓöÇparam nconst task& value
Γöé   ΓööΓöÇΓöÇΓöÇbody
Γöé       ΓööΓöÇΓöÇΓöÇreturn
Γöé           ΓööΓöÇΓöÇΓöÇcall sys__native_task_await_i32(value)
Γö£ΓöÇΓöÇΓöÇfn sys__task_await_str -> str
Γöé   Γö£ΓöÇΓöÇΓöÇparams
Γöé   Γöé   ΓööΓöÇΓöÇΓöÇparam nconst task& value
Γöé   ΓööΓöÇΓöÇΓöÇbody
Γöé       ΓööΓöÇΓöÇΓöÇreturn
Γöé           ΓööΓöÇΓöÇΓöÇcall sys__native_task_await_str(value)
Γö£ΓöÇΓöÇΓöÇfn sys__task_await_bool -> i32
Γöé   Γö£ΓöÇΓöÇΓöÇparams
Γöé   Γöé   ΓööΓöÇΓöÇΓöÇparam nconst task& value
Γöé   ΓööΓöÇΓöÇΓöÇbody
Γöé       ΓööΓöÇΓöÇΓöÇreturn
Γöé           ΓööΓöÇΓöÇΓöÇcall sys__native_task_await_bool(value)
Γö£ΓöÇΓöÇΓöÇfn sys__task_await_f64 -> f64
Γöé   Γö£ΓöÇΓöÇΓöÇparams
Γöé   Γöé   ΓööΓöÇΓöÇΓöÇparam nconst task& value
Γöé   ΓööΓöÇΓöÇΓöÇbody
Γöé       ΓööΓöÇΓöÇΓöÇreturn
Γöé           ΓööΓöÇΓöÇΓöÇcall sys__native_task_await_f64(value)
Γö£ΓöÇΓöÇΓöÇfn sys__task_is_i32 -> i32
Γöé   Γö£ΓöÇΓöÇΓöÇparams
Γöé   Γöé   ΓööΓöÇΓöÇΓöÇparam nconst task& value
Γöé   ΓööΓöÇΓöÇΓöÇbody
Γöé       ΓööΓöÇΓöÇΓöÇreturn
Γöé           ΓööΓöÇΓöÇΓöÇcall sys__native_task_is_i32(value)
Γö£ΓöÇΓöÇΓöÇfn sys__task_is_str -> i32
Γöé   Γö£ΓöÇΓöÇΓöÇparams
Γöé   Γöé   ΓööΓöÇΓöÇΓöÇparam nconst task& value
Γöé   ΓööΓöÇΓöÇΓöÇbody
Γöé       ΓööΓöÇΓöÇΓöÇreturn
Γöé           ΓööΓöÇΓöÇΓöÇcall sys__native_task_is_str(value)
Γö£ΓöÇΓöÇΓöÇfn sys__task_is_bool -> i32
Γöé   Γö£ΓöÇΓöÇΓöÇparams
Γöé   Γöé   ΓööΓöÇΓöÇΓöÇparam nconst task& value
Γöé   ΓööΓöÇΓöÇΓöÇbody
Γöé       ΓööΓöÇΓöÇΓöÇreturn
Γöé           ΓööΓöÇΓöÇΓöÇcall sys__native_task_is_bool(value)
Γö£ΓöÇΓöÇΓöÇfn sys__task_is_f64 -> i32
Γöé   Γö£ΓöÇΓöÇΓöÇparams
Γöé   Γöé   ΓööΓöÇΓöÇΓöÇparam nconst task& value
Γöé   ΓööΓöÇΓöÇΓöÇbody
Γöé       ΓööΓöÇΓöÇΓöÇreturn
Γöé           ΓööΓöÇΓöÇΓöÇcall sys__native_task_is_f64(value)
Γö£ΓöÇΓöÇΓöÇunsafe-block
Γö£ΓöÇΓöÇΓöÇfn sys__host_is_windows -> i32
Γöé   ΓööΓöÇΓöÇΓöÇbody
Γöé       ΓööΓöÇΓöÇΓöÇreturn
Γöé           ΓööΓöÇΓöÇΓöÇcall sys__native_host_is_windows()
Γö£ΓöÇΓöÇΓöÇfn sys__path_separator -> str
Γöé   ΓööΓöÇΓöÇΓöÇbody
Γöé       ΓööΓöÇΓöÇΓöÇreturn
Γöé           ΓööΓöÇΓöÇΓöÇcall sys__native_path_separator()
Γö£ΓöÇΓöÇΓöÇfn sys__exe_suffix -> str
Γöé   ΓööΓöÇΓöÇΓöÇbody
Γöé       ΓööΓöÇΓöÇΓöÇreturn
Γöé           ΓööΓöÇΓöÇΓöÇcall sys__native_exe_suffix()
Γö£ΓöÇΓöÇΓöÇfn sys__env_get -> str
Γöé   Γö£ΓöÇΓöÇΓöÇparams
Γöé   Γöé   ΓööΓöÇΓöÇΓöÇparam nconst str& key
Γöé   ΓööΓöÇΓöÇΓöÇbody
Γöé       ΓööΓöÇΓöÇΓöÇreturn
Γöé           ΓööΓöÇΓöÇΓöÇcall sys__native_env_get(key)
Γö£ΓöÇΓöÇΓöÇfn sys__env_set -> i32
Γöé   Γö£ΓöÇΓöÇΓöÇparams
Γöé   Γöé   Γö£ΓöÇΓöÇΓöÇparam nconst str& key
Γöé   Γöé   ΓööΓöÇΓöÇΓöÇparam nconst str& value
Γöé   ΓööΓöÇΓöÇΓöÇbody
Γöé       ΓööΓöÇΓöÇΓöÇreturn
Γöé           ΓööΓöÇΓöÇΓöÇcall sys__native_env_set(key, value)
Γö£ΓöÇΓöÇΓöÇfn sys__env_remove -> i32
Γöé   Γö£ΓöÇΓöÇΓöÇparams
Γöé   Γöé   ΓööΓöÇΓöÇΓöÇparam nconst str& key
Γöé   ΓööΓöÇΓöÇΓöÇbody
Γöé       ΓööΓöÇΓöÇΓöÇreturn
Γöé           ΓööΓöÇΓöÇΓöÇcall sys__native_env_remove(key)
Γö£ΓöÇΓöÇΓöÇfn sys__current_dir -> str
Γöé   ΓööΓöÇΓöÇΓöÇbody
Γöé       ΓööΓöÇΓöÇΓöÇreturn
Γöé           ΓööΓöÇΓöÇΓöÇcall sys__native_current_dir()
Γö£ΓöÇΓöÇΓöÇfn sys__set_current_dir -> i32
Γöé   Γö£ΓöÇΓöÇΓöÇparams
Γöé   Γöé   ΓööΓöÇΓöÇΓöÇparam nconst str& path
Γöé   ΓööΓöÇΓöÇΓöÇbody
Γöé       ΓööΓöÇΓöÇΓöÇreturn
Γöé           ΓööΓöÇΓöÇΓöÇcall sys__native_set_current_dir(path)
Γö£ΓöÇΓöÇΓöÇfn sys__executable_path -> str
Γöé   ΓööΓöÇΓöÇΓöÇbody
Γöé       ΓööΓöÇΓöÇΓöÇreturn
Γöé           ΓööΓöÇΓöÇΓöÇcall sys__native_executable_path()
Γö£ΓöÇΓöÇΓöÇfn sys__process_id -> i32
Γöé   ΓööΓöÇΓöÇΓöÇbody
Γöé       ΓööΓöÇΓöÇΓöÇreturn
Γöé           ΓööΓöÇΓöÇΓöÇcall sys__native_process_id()
Γö£ΓöÇΓöÇΓöÇfn sys__cpu_count -> i32
Γöé   ΓööΓöÇΓöÇΓöÇbody
Γöé       ΓööΓöÇΓöÇΓöÇreturn
Γöé           ΓööΓöÇΓöÇΓöÇcall sys__native_cpu_count()
Γö£ΓöÇΓöÇΓöÇfn sys__host_name -> str
Γöé   ΓööΓöÇΓöÇΓöÇbody
Γöé       ΓööΓöÇΓöÇΓöÇreturn
Γöé           ΓööΓöÇΓöÇΓöÇcall sys__native_host_name()
Γö£ΓöÇΓöÇΓöÇfn sys__temp_dir -> str
Γöé   ΓööΓöÇΓöÇΓöÇbody
Γöé       ΓööΓöÇΓöÇΓöÇreturn
Γöé           ΓööΓöÇΓöÇΓöÇcall sys__native_temp_dir()
Γö£ΓöÇΓöÇΓöÇfn sys__path_join -> str
Γöé   Γö£ΓöÇΓöÇΓöÇparams
Γöé   Γöé   Γö£ΓöÇΓöÇΓöÇparam nconst str& left
Γöé   Γöé   ΓööΓöÇΓöÇΓöÇparam nconst str& right
Γöé   ΓööΓöÇΓöÇΓöÇbody
Γöé       ΓööΓöÇΓöÇΓöÇreturn
Γöé           ΓööΓöÇΓöÇΓöÇcall sys__native_path_join(left, right)
Γö£ΓöÇΓöÇΓöÇfn sys__sleep_ms -> void
Γöé   Γö£ΓöÇΓöÇΓöÇparams
Γöé   Γöé   ΓööΓöÇΓöÇΓöÇparam i32 value
Γöé   ΓööΓöÇΓöÇΓöÇbody
Γöé       ΓööΓöÇΓöÇΓöÇcall sys__native_sleep_ms(value)
Γö£ΓöÇΓöÇΓöÇunsafe-block
Γö£ΓöÇΓöÇΓöÇfn sys__ascii_validate -> i32
Γöé   Γö£ΓöÇΓöÇΓöÇparams
Γöé   Γöé   ΓööΓöÇΓöÇΓöÇparam nconst str& value
Γöé   ΓööΓöÇΓöÇΓöÇbody
Γöé       ΓööΓöÇΓöÇΓöÇreturn
Γöé           ΓööΓöÇΓöÇΓöÇcall sys__native_ascii_validate(value)
Γö£ΓöÇΓöÇΓöÇfn sys__utf8_validate -> i32
Γöé   Γö£ΓöÇΓöÇΓöÇparams
Γöé   Γöé   ΓööΓöÇΓöÇΓöÇparam nconst str& value
Γöé   ΓööΓöÇΓöÇΓöÇbody
Γöé       ΓööΓöÇΓöÇΓöÇreturn
Γöé           ΓööΓöÇΓöÇΓöÇcall sys__native_utf8_validate(value)
Γö£ΓöÇΓöÇΓöÇfn sys__utf8_char_count -> i32
Γöé   Γö£ΓöÇΓöÇΓöÇparams
Γöé   Γöé   ΓööΓöÇΓöÇΓöÇparam nconst str& value
Γöé   ΓööΓöÇΓöÇΓöÇbody
Γöé       ΓööΓöÇΓöÇΓöÇreturn
Γöé           ΓööΓöÇΓöÇΓöÇcall sys__native_utf8_char_count(value)
Γö£ΓöÇΓöÇΓöÇfn sys__hex_encode -> str
Γöé   Γö£ΓöÇΓöÇΓöÇparams
Γöé   Γöé   ΓööΓöÇΓöÇΓöÇparam nconst str& value
Γöé   ΓööΓöÇΓöÇΓöÇbody
Γöé       ΓööΓöÇΓöÇΓöÇreturn
Γöé           ΓööΓöÇΓöÇΓöÇcall sys__native_hex_encode(value)
Γö£ΓöÇΓöÇΓöÇfn sys__hex_decode -> str
Γöé   Γö£ΓöÇΓöÇΓöÇparams
Γöé   Γöé   ΓööΓöÇΓöÇΓöÇparam nconst str& value
Γöé   ΓööΓöÇΓöÇΓöÇbody
Γöé       ΓööΓöÇΓöÇΓöÇreturn
Γöé           ΓööΓöÇΓöÇΓöÇcall sys__native_hex_decode(value)
Γö£ΓöÇΓöÇΓöÇfn sys__url_encode -> str
Γöé   Γö£ΓöÇΓöÇΓöÇparams
Γöé   Γöé   ΓööΓöÇΓöÇΓöÇparam nconst str& value
Γöé   ΓööΓöÇΓöÇΓöÇbody
Γöé       ΓööΓöÇΓöÇΓöÇreturn
Γöé           ΓööΓöÇΓöÇΓöÇcall sys__native_url_encode(value)
Γö£ΓöÇΓöÇΓöÇfn sys__url_decode -> str
Γöé   Γö£ΓöÇΓöÇΓöÇparams
Γöé   Γöé   ΓööΓöÇΓöÇΓöÇparam nconst str& value
Γöé   ΓööΓöÇΓöÇΓöÇbody
Γöé       ΓööΓöÇΓöÇΓöÇreturn
Γöé           ΓööΓöÇΓöÇΓöÇcall sys__native_url_decode(value)
Γö£ΓöÇΓöÇΓöÇfn sys__base64_encode -> str
Γöé   Γö£ΓöÇΓöÇΓöÇparams
Γöé   Γöé   ΓööΓöÇΓöÇΓöÇparam nconst str& value
Γöé   ΓööΓöÇΓöÇΓöÇbody
Γöé       ΓööΓöÇΓöÇΓöÇreturn
Γöé           ΓööΓöÇΓöÇΓöÇcall sys__native_base64_encode(value)
Γö£ΓöÇΓöÇΓöÇfn sys__base64_decode -> str
Γöé   Γö£ΓöÇΓöÇΓöÇparams
Γöé   Γöé   ΓööΓöÇΓöÇΓöÇparam nconst str& value
Γöé   ΓööΓöÇΓöÇΓöÇbody
Γöé       ΓööΓöÇΓöÇΓöÇreturn
Γöé           ΓööΓöÇΓöÇΓöÇcall sys__native_base64_decode(value)
Γö£ΓöÇΓöÇΓöÇunsafe-block
Γö£ΓöÇΓöÇΓöÇfn sys__regex_compile -> regex
Γöé   Γö£ΓöÇΓöÇΓöÇparams
Γöé   Γöé   ΓööΓöÇΓöÇΓöÇparam nconst str& pattern
Γöé   ΓööΓöÇΓöÇΓöÇbody
Γöé       ΓööΓöÇΓöÇΓöÇreturn
Γöé           ΓööΓöÇΓöÇΓöÇcall sys__native_regex_compile(pattern)
Γö£ΓöÇΓöÇΓöÇfn sys__regex_is_match -> i32
Γöé   Γö£ΓöÇΓöÇΓöÇparams
Γöé   Γöé   Γö£ΓöÇΓöÇΓöÇparam nconst regex& value
Γöé   Γöé   ΓööΓöÇΓöÇΓöÇparam nconst str& text
Γöé   ΓööΓöÇΓöÇΓöÇbody
Γöé       ΓööΓöÇΓöÇΓöÇreturn
Γöé           ΓööΓöÇΓöÇΓöÇcall sys__native_regex_is_match(value, text)
Γö£ΓöÇΓöÇΓöÇfn sys__regex_find -> str
Γöé   Γö£ΓöÇΓöÇΓöÇparams
Γöé   Γöé   Γö£ΓöÇΓöÇΓöÇparam nconst regex& value
Γöé   Γöé   ΓööΓöÇΓöÇΓöÇparam nconst str& text
Γöé   ΓööΓöÇΓöÇΓöÇbody
Γöé       ΓööΓöÇΓöÇΓöÇreturn
Γöé           ΓööΓöÇΓöÇΓöÇcall sys__native_regex_find(value, text)
Γö£ΓöÇΓöÇΓöÇfn sys__regex_replace -> str
Γöé   Γö£ΓöÇΓöÇΓöÇparams
Γöé   Γöé   Γö£ΓöÇΓöÇΓöÇparam nconst regex& value
Γöé   Γöé   Γö£ΓöÇΓöÇΓöÇparam nconst str& text
Γöé   Γöé   ΓööΓöÇΓöÇΓöÇparam nconst str& replacement
Γöé   ΓööΓöÇΓöÇΓöÇbody
Γöé       ΓööΓöÇΓöÇΓöÇreturn
Γöé           ΓööΓöÇΓöÇΓöÇcall sys__native_regex_replace(value, text, replacement)
Γö£ΓöÇΓöÇΓöÇfn sys__regex_error -> str
Γöé   Γö£ΓöÇΓöÇΓöÇparams
Γöé   Γöé   ΓööΓöÇΓöÇΓöÇparam nconst regex& value
Γöé   ΓööΓöÇΓöÇΓöÇbody
Γöé       ΓööΓöÇΓöÇΓöÇreturn
Γöé           ΓööΓöÇΓöÇΓöÇcall sys__native_regex_error(value)
Γö£ΓöÇΓöÇΓöÇunsafe-block
Γö£ΓöÇΓöÇΓöÇfn sys__rand_new -> random
Γöé   ΓööΓöÇΓöÇΓöÇbody
Γöé       ΓööΓöÇΓöÇΓöÇreturn
Γöé           ΓööΓöÇΓöÇΓöÇcall sys__native_rand_new()
Γö£ΓöÇΓöÇΓöÇfn sys__rand_seed -> void
Γöé   Γö£ΓöÇΓöÇΓöÇparams
Γöé   Γöé   Γö£ΓöÇΓöÇΓöÇparam nconst random& value
Γöé   Γöé   ΓööΓöÇΓöÇΓöÇparam i32 seed
Γöé   ΓööΓöÇΓöÇΓöÇbody
Γöé       ΓööΓöÇΓöÇΓöÇcall sys__native_rand_seed(value, seed)
Γö£ΓöÇΓöÇΓöÇfn sys__rand_i32 -> i32
Γöé   Γö£ΓöÇΓöÇΓöÇparams
Γöé   Γöé   ΓööΓöÇΓöÇΓöÇparam nconst random& value
Γöé   ΓööΓöÇΓöÇΓöÇbody
Γöé       ΓööΓöÇΓöÇΓöÇreturn
Γöé           ΓööΓöÇΓöÇΓöÇcall sys__native_rand_i32(value)
Γö£ΓöÇΓöÇΓöÇfn sys__rand_range_i32 -> i32
Γöé   Γö£ΓöÇΓöÇΓöÇparams
Γöé   Γöé   Γö£ΓöÇΓöÇΓöÇparam nconst random& value
Γöé   Γöé   Γö£ΓöÇΓöÇΓöÇparam i32 low
Γöé   Γöé   ΓööΓöÇΓöÇΓöÇparam i32 high
Γöé   ΓööΓöÇΓöÇΓöÇbody
Γöé       ΓööΓöÇΓöÇΓöÇreturn
Γöé           ΓööΓöÇΓöÇΓöÇcall sys__native_rand_range_i32(value, low, high)
Γö£ΓöÇΓöÇΓöÇfn sys__rand_f64 -> f64
Γöé   Γö£ΓöÇΓöÇΓöÇparams
Γöé   Γöé   ΓööΓöÇΓöÇΓöÇparam nconst random& value
Γöé   ΓööΓöÇΓöÇΓöÇbody
Γöé       ΓööΓöÇΓöÇΓöÇreturn
Γöé           ΓööΓöÇΓöÇΓöÇcall sys__native_rand_f64(value)
Γö£ΓöÇΓöÇΓöÇfn sys__rand_bool -> i32
Γöé   Γö£ΓöÇΓöÇΓöÇparams
Γöé   Γöé   ΓööΓöÇΓöÇΓöÇparam nconst random& value
Γöé   ΓööΓöÇΓöÇΓöÇbody
Γöé       ΓööΓöÇΓöÇΓöÇreturn
Γöé           ΓööΓöÇΓöÇΓöÇcall sys__native_rand_bool(value)
Γö£ΓöÇΓöÇΓöÇunsafe-block
Γö£ΓöÇΓöÇΓöÇfn sys__datetime_now_utc -> str
Γöé   ΓööΓöÇΓöÇΓöÇbody
Γöé       ΓööΓöÇΓöÇΓöÇreturn
Γöé           ΓööΓöÇΓöÇΓöÇcall sys__native_datetime_now_utc()
Γö£ΓöÇΓöÇΓöÇfn sys__datetime_now_local -> str
Γöé   ΓööΓöÇΓöÇΓöÇbody
Γöé       ΓööΓöÇΓöÇΓöÇreturn
Γöé           ΓööΓöÇΓöÇΓöÇcall sys__native_datetime_now_local()
Γö£ΓöÇΓöÇΓöÇfn sys__datetime_year_local -> i32
Γöé   ΓööΓöÇΓöÇΓöÇbody
Γöé       ΓööΓöÇΓöÇΓöÇreturn
Γöé           ΓööΓöÇΓöÇΓöÇcall sys__native_datetime_year_local()
Γö£ΓöÇΓöÇΓöÇfn sys__datetime_month_local -> i32
Γöé   ΓööΓöÇΓöÇΓöÇbody
Γöé       ΓööΓöÇΓöÇΓöÇreturn
Γöé           ΓööΓöÇΓöÇΓöÇcall sys__native_datetime_month_local()
Γö£ΓöÇΓöÇΓöÇfn sys__datetime_day_local -> i32
Γöé   ΓööΓöÇΓöÇΓöÇbody
Γöé       ΓööΓöÇΓöÇΓöÇreturn
Γöé           ΓööΓöÇΓöÇΓöÇcall sys__native_datetime_day_local()
Γö£ΓöÇΓöÇΓöÇfn sys__datetime_hour_local -> i32
Γöé   ΓööΓöÇΓöÇΓöÇbody
Γöé       ΓööΓöÇΓöÇΓöÇreturn
Γöé           ΓööΓöÇΓöÇΓöÇcall sys__native_datetime_hour_local()
Γö£ΓöÇΓöÇΓöÇfn sys__datetime_minute_local -> i32
Γöé   ΓööΓöÇΓöÇΓöÇbody
Γöé       ΓööΓöÇΓöÇΓöÇreturn
Γöé           ΓööΓöÇΓöÇΓöÇcall sys__native_datetime_minute_local()
Γö£ΓöÇΓöÇΓöÇfn sys__datetime_second_local -> i32
Γöé   ΓööΓöÇΓöÇΓöÇbody
Γöé       ΓööΓöÇΓöÇΓöÇreturn
Γöé           ΓööΓöÇΓöÇΓöÇcall sys__native_datetime_second_local()
Γö£ΓöÇΓöÇΓöÇfn sys__monotonic_millis -> i32
Γöé   ΓööΓöÇΓöÇΓöÇbody
Γöé       ΓööΓöÇΓöÇΓöÇreturn
Γöé           ΓööΓöÇΓöÇΓöÇcall sys__native_monotonic_millis()
Γö£ΓöÇΓöÇΓöÇunsafe-block
Γö£ΓöÇΓöÇΓöÇfn sys__mutex_new -> mutex
Γöé   ΓööΓöÇΓöÇΓöÇbody
Γöé       ΓööΓöÇΓöÇΓöÇreturn
Γöé           ΓööΓöÇΓöÇΓöÇcall sys__native_mutex_new()
Γö£ΓöÇΓöÇΓöÇfn sys__mutex_lock -> i32
Γöé   Γö£ΓöÇΓöÇΓöÇparams
Γöé   Γöé   ΓööΓöÇΓöÇΓöÇparam nconst mutex& value
Γöé   ΓööΓöÇΓöÇΓöÇbody
Γöé       ΓööΓöÇΓöÇΓöÇreturn
Γöé           ΓööΓöÇΓöÇΓöÇcall sys__native_mutex_lock(value)
Γö£ΓöÇΓöÇΓöÇfn sys__mutex_try_lock -> i32
Γöé   Γö£ΓöÇΓöÇΓöÇparams
Γöé   Γöé   ΓööΓöÇΓöÇΓöÇparam nconst mutex& value
Γöé   ΓööΓöÇΓöÇΓöÇbody
Γöé       ΓööΓöÇΓöÇΓöÇreturn
Γöé           ΓööΓöÇΓöÇΓöÇcall sys__native_mutex_try_lock(value)
Γö£ΓöÇΓöÇΓöÇfn sys__mutex_unlock -> i32
Γöé   Γö£ΓöÇΓöÇΓöÇparams
Γöé   Γöé   ΓööΓöÇΓöÇΓöÇparam nconst mutex& value
Γöé   ΓööΓöÇΓöÇΓöÇbody
Γöé       ΓööΓöÇΓöÇΓöÇreturn
Γöé           ΓööΓöÇΓöÇΓöÇcall sys__native_mutex_unlock(value)
Γö£ΓöÇΓöÇΓöÇfn sys__condvar_new -> condvar
Γöé   ΓööΓöÇΓöÇΓöÇbody
Γöé       ΓööΓöÇΓöÇΓöÇreturn
Γöé           ΓööΓöÇΓöÇΓöÇcall sys__native_condvar_new()
Γö£ΓöÇΓöÇΓöÇfn sys__condvar_wait_ms -> i32
Γöé   Γö£ΓöÇΓöÇΓöÇparams
Γöé   Γöé   Γö£ΓöÇΓöÇΓöÇparam nconst condvar& value
Γöé   Γöé   ΓööΓöÇΓöÇΓöÇparam i32 timeout_ms
Γöé   ΓööΓöÇΓöÇΓöÇbody
Γöé       ΓööΓöÇΓöÇΓöÇreturn
Γöé           ΓööΓöÇΓöÇΓöÇcall sys__native_condvar_wait_ms(value, timeout_ms)
Γö£ΓöÇΓöÇΓöÇfn sys__condvar_notify_one -> void
Γöé   Γö£ΓöÇΓöÇΓöÇparams
Γöé   Γöé   ΓööΓöÇΓöÇΓöÇparam nconst condvar& value
Γöé   ΓööΓöÇΓöÇΓöÇbody
Γöé       ΓööΓöÇΓöÇΓöÇcall sys__native_condvar_notify_one(value)
Γö£ΓöÇΓöÇΓöÇfn sys__condvar_notify_all -> void
Γöé   Γö£ΓöÇΓöÇΓöÇparams
Γöé   Γöé   ΓööΓöÇΓöÇΓöÇparam nconst condvar& value
Γöé   ΓööΓöÇΓöÇΓöÇbody
Γöé       ΓööΓöÇΓöÇΓöÇcall sys__native_condvar_notify_all(value)
Γö£ΓöÇΓöÇΓöÇfn sys__channel_bounded -> channel
Γöé   Γö£ΓöÇΓöÇΓöÇparams
Γöé   Γöé   ΓööΓöÇΓöÇΓöÇparam i32 capacity
Γöé   ΓööΓöÇΓöÇΓöÇbody
Γöé       ΓööΓöÇΓöÇΓöÇreturn
Γöé           ΓööΓöÇΓöÇΓöÇcall sys__native_channel_bounded(capacity)
Γö£ΓöÇΓöÇΓöÇfn sys__channel_unbounded -> channel
Γöé   ΓööΓöÇΓöÇΓöÇbody
Γöé       ΓööΓöÇΓöÇΓöÇreturn
Γöé           ΓööΓöÇΓöÇΓöÇcall sys__native_channel_unbounded()
Γö£ΓöÇΓöÇΓöÇfn sys__channel_send_i32 -> i32
Γöé   Γö£ΓöÇΓöÇΓöÇparams
Γöé   Γöé   Γö£ΓöÇΓöÇΓöÇparam nconst channel& value
Γöé   Γöé   ΓööΓöÇΓöÇΓöÇparam i32 item
Γöé   ΓööΓöÇΓöÇΓöÇbody
Γöé       ΓööΓöÇΓöÇΓöÇreturn
Γöé           ΓööΓöÇΓöÇΓöÇcall sys__native_channel_send_i32(value, item)
Γö£ΓöÇΓöÇΓöÇfn sys__channel_send_str -> i32
Γöé   Γö£ΓöÇΓöÇΓöÇparams
Γöé   Γöé   Γö£ΓöÇΓöÇΓöÇparam nconst channel& value
Γöé   Γöé   ΓööΓöÇΓöÇΓöÇparam nconst str& item
Γöé   ΓööΓöÇΓöÇΓöÇbody
Γöé       ΓööΓöÇΓöÇΓöÇreturn
Γöé           ΓööΓöÇΓöÇΓöÇcall sys__native_channel_send_str(value, item)
Γö£ΓöÇΓöÇΓöÇfn sys__channel_send_bool -> i32
Γöé   Γö£ΓöÇΓöÇΓöÇparams
Γöé   Γöé   Γö£ΓöÇΓöÇΓöÇparam nconst channel& value
Γöé   Γöé   ΓööΓöÇΓöÇΓöÇparam i32 item
Γöé   ΓööΓöÇΓöÇΓöÇbody
Γöé       ΓööΓöÇΓöÇΓöÇreturn
Γöé           ΓööΓöÇΓöÇΓöÇcall sys__native_channel_send_bool(value, item)
Γö£ΓöÇΓöÇΓöÇfn sys__channel_send_f64 -> i32
Γöé   Γö£ΓöÇΓöÇΓöÇparams
Γöé   Γöé   Γö£ΓöÇΓöÇΓöÇparam nconst channel& value
Γöé   Γöé   ΓööΓöÇΓöÇΓöÇparam f64 item
Γöé   ΓööΓöÇΓöÇΓöÇbody
Γöé       ΓööΓöÇΓöÇΓöÇreturn
Γöé           ΓööΓöÇΓöÇΓöÇcall sys__native_channel_send_f64(value, item)
Γö£ΓöÇΓöÇΓöÇfn sys__channel_try_send_i32 -> i32
Γöé   Γö£ΓöÇΓöÇΓöÇparams
Γöé   Γöé   Γö£ΓöÇΓöÇΓöÇparam nconst channel& value
Γöé   Γöé   ΓööΓöÇΓöÇΓöÇparam i32 item
Γöé   ΓööΓöÇΓöÇΓöÇbody
Γöé       ΓööΓöÇΓöÇΓöÇreturn
Γöé           ΓööΓöÇΓöÇΓöÇcall sys__native_channel_try_send_i32(value, item)
Γö£ΓöÇΓöÇΓöÇfn sys__channel_try_send_str -> i32
Γöé   Γö£ΓöÇΓöÇΓöÇparams
Γöé   Γöé   Γö£ΓöÇΓöÇΓöÇparam nconst channel& value
Γöé   Γöé   ΓööΓöÇΓöÇΓöÇparam nconst str& item
Γöé   ΓööΓöÇΓöÇΓöÇbody
Γöé       ΓööΓöÇΓöÇΓöÇreturn
Γöé           ΓööΓöÇΓöÇΓöÇcall sys__native_channel_try_send_str(value, item)
Γö£ΓöÇΓöÇΓöÇfn sys__channel_try_send_bool -> i32
Γöé   Γö£ΓöÇΓöÇΓöÇparams
Γöé   Γöé   Γö£ΓöÇΓöÇΓöÇparam nconst channel& value
Γöé   Γöé   ΓööΓöÇΓöÇΓöÇparam i32 item
Γöé   ΓööΓöÇΓöÇΓöÇbody
Γöé       ΓööΓöÇΓöÇΓöÇreturn
Γöé           ΓööΓöÇΓöÇΓöÇcall sys__native_channel_try_send_bool(value, item)
Γö£ΓöÇΓöÇΓöÇfn sys__channel_try_send_f64 -> i32
Γöé   Γö£ΓöÇΓöÇΓöÇparams
Γöé   Γöé   Γö£ΓöÇΓöÇΓöÇparam nconst channel& value
Γöé   Γöé   ΓööΓöÇΓöÇΓöÇparam f64 item
Γöé   ΓööΓöÇΓöÇΓöÇbody
Γöé       ΓööΓöÇΓöÇΓöÇreturn
Γöé           ΓööΓöÇΓöÇΓöÇcall sys__native_channel_try_send_f64(value, item)
Γö£ΓöÇΓöÇΓöÇfn sys__channel_recv_i32 -> i32
Γöé   Γö£ΓöÇΓöÇΓöÇparams
Γöé   Γöé   ΓööΓöÇΓöÇΓöÇparam nconst channel& value
Γöé   ΓööΓöÇΓöÇΓöÇbody
Γöé       ΓööΓöÇΓöÇΓöÇreturn
Γöé           ΓööΓöÇΓöÇΓöÇcall sys__native_channel_recv_i32(value)
Γö£ΓöÇΓöÇΓöÇfn sys__channel_recv_str -> str
Γöé   Γö£ΓöÇΓöÇΓöÇparams
Γöé   Γöé   ΓööΓöÇΓöÇΓöÇparam nconst channel& value
Γöé   ΓööΓöÇΓöÇΓöÇbody
Γöé       ΓööΓöÇΓöÇΓöÇreturn
Γöé           ΓööΓöÇΓöÇΓöÇcall sys__native_channel_recv_str(value)
Γö£ΓöÇΓöÇΓöÇfn sys__channel_recv_bool -> i32
Γöé   Γö£ΓöÇΓöÇΓöÇparams
Γöé   Γöé   ΓööΓöÇΓöÇΓöÇparam nconst channel& value
Γöé   ΓööΓöÇΓöÇΓöÇbody
Γöé       ΓööΓöÇΓöÇΓöÇreturn
Γöé           ΓööΓöÇΓöÇΓöÇcall sys__native_channel_recv_bool(value)
Γö£ΓöÇΓöÇΓöÇfn sys__channel_recv_f64 -> f64
Γöé   Γö£ΓöÇΓöÇΓöÇparams
Γöé   Γöé   ΓööΓöÇΓöÇΓöÇparam nconst channel& value
Γöé   ΓööΓöÇΓöÇΓöÇbody
Γöé       ΓööΓöÇΓöÇΓöÇreturn
Γöé           ΓööΓöÇΓöÇΓöÇcall sys__native_channel_recv_f64(value)
Γö£ΓöÇΓöÇΓöÇfn sys__channel_try_recv_i32 -> i32
Γöé   Γö£ΓöÇΓöÇΓöÇparams
Γöé   Γöé   Γö£ΓöÇΓöÇΓöÇparam nconst channel& value
Γöé   Γöé   ΓööΓöÇΓöÇΓöÇparam i32 fallback
Γöé   ΓööΓöÇΓöÇΓöÇbody
Γöé       ΓööΓöÇΓöÇΓöÇreturn
Γöé           ΓööΓöÇΓöÇΓöÇcall sys__native_channel_try_recv_i32(value, fallback)
Γö£ΓöÇΓöÇΓöÇfn sys__channel_try_recv_str -> str
Γöé   Γö£ΓöÇΓöÇΓöÇparams
Γöé   Γöé   ΓööΓöÇΓöÇΓöÇparam nconst channel& value
Γöé   ΓööΓöÇΓöÇΓöÇbody
Γöé       ΓööΓöÇΓöÇΓöÇreturn
Γöé           ΓööΓöÇΓöÇΓöÇcall sys__native_channel_try_recv_str(value)
Γö£ΓöÇΓöÇΓöÇfn sys__channel_try_recv_bool -> i32
Γöé   Γö£ΓöÇΓöÇΓöÇparams
Γöé   Γöé   Γö£ΓöÇΓöÇΓöÇparam nconst channel& value
Γöé   Γöé   ΓööΓöÇΓöÇΓöÇparam i32 fallback
Γöé   ΓööΓöÇΓöÇΓöÇbody
Γöé       ΓööΓöÇΓöÇΓöÇreturn
Γöé           ΓööΓöÇΓöÇΓöÇcall sys__native_channel_try_recv_bool(value, fallback)
Γö£ΓöÇΓöÇΓöÇfn sys__channel_try_recv_f64 -> f64
Γöé   Γö£ΓöÇΓöÇΓöÇparams
Γöé   Γöé   Γö£ΓöÇΓöÇΓöÇparam nconst channel& value
Γöé   Γöé   ΓööΓöÇΓöÇΓöÇparam f64 fallback
Γöé   ΓööΓöÇΓöÇΓöÇbody
Γöé       ΓööΓöÇΓöÇΓöÇreturn
Γöé           ΓööΓöÇΓöÇΓöÇcall sys__native_channel_try_recv_f64(value, fallback)
Γö£ΓöÇΓöÇΓöÇfn sys__channel_len -> i32
Γöé   Γö£ΓöÇΓöÇΓöÇparams
Γöé   Γöé   ΓööΓöÇΓöÇΓöÇparam nconst channel& value
Γöé   ΓööΓöÇΓöÇΓöÇbody
Γöé       ΓööΓöÇΓöÇΓöÇreturn
Γöé           ΓööΓöÇΓöÇΓöÇcall sys__native_channel_len(value)
Γö£ΓöÇΓöÇΓöÇfn sys__channel_close -> i32
Γöé   Γö£ΓöÇΓöÇΓöÇparams
Γöé   Γöé   ΓööΓöÇΓöÇΓöÇparam nconst channel& value
Γöé   ΓööΓöÇΓöÇΓöÇbody
Γöé       ΓööΓöÇΓöÇΓöÇreturn
Γöé           ΓööΓöÇΓöÇΓöÇcall sys__native_channel_close(value)
Γö£ΓöÇΓöÇΓöÇfn sys__channel_is_closed -> i32
Γöé   Γö£ΓöÇΓöÇΓöÇparams
Γöé   Γöé   ΓööΓöÇΓöÇΓöÇparam nconst channel& value
Γöé   ΓööΓöÇΓöÇΓöÇbody
Γöé       ΓööΓöÇΓöÇΓöÇreturn
Γöé           ΓööΓöÇΓöÇΓöÇcall sys__native_channel_is_closed(value)
Γö£ΓöÇΓöÇΓöÇunsafe-block
Γö£ΓöÇΓöÇΓöÇtypedef-struct typedefstructsys__native_threadmt{strid;intis_running;...
Γö£ΓöÇΓöÇΓöÇinit threadreg
Γöé   ΓööΓöÇΓöÇΓöÇtype <sys__native_threadmt>
Γö£ΓöÇΓöÇΓöÇfn sys__thread_get_raw_id -> i32
Γöé   ΓööΓöÇΓöÇΓöÇbody
Γöé       ΓööΓöÇΓöÇΓöÇreturn
Γöé           ΓööΓöÇΓöÇΓöÇcall sys__native_thread_get_raw_id()
Γö£ΓöÇΓöÇΓöÇfn sys__thread_yield -> void
Γöé   ΓööΓöÇΓöÇΓöÇbody
Γöé       ΓööΓöÇΓöÇΓöÇcall sys__native_thread_yield()
Γö£ΓöÇΓöÇΓöÇunsafe-block
Γö£ΓöÇΓöÇΓöÇfn sys__hash_fnv1a_32 -> i32
Γöé   Γö£ΓöÇΓöÇΓöÇparams
Γöé   Γöé   ΓööΓöÇΓöÇΓöÇparam nconst str& value
Γöé   ΓööΓöÇΓöÇΓöÇbody
Γöé       ΓööΓöÇΓöÇΓöÇreturn
Γöé           ΓööΓöÇΓöÇΓöÇcall sys__native_hash_fnv1a_32(value)
Γö£ΓöÇΓöÇΓöÇfn sys__hash_fnv1a_64 -> long
Γöé   Γö£ΓöÇΓöÇΓöÇparams
Γöé   Γöé   ΓööΓöÇΓöÇΓöÇparam nconst str& value
Γöé   ΓööΓöÇΓöÇΓöÇbody
Γöé       ΓööΓöÇΓöÇΓöÇreturn
Γöé           ΓööΓöÇΓöÇΓöÇcall sys__native_hash_fnv1a_64(value)
Γö£ΓöÇΓöÇΓöÇfn sys__hash_adler32 -> i32
Γöé   Γö£ΓöÇΓöÇΓöÇparams
Γöé   Γöé   ΓööΓöÇΓöÇΓöÇparam nconst str& value
Γöé   ΓööΓöÇΓöÇΓöÇbody
Γöé       ΓööΓöÇΓöÇΓöÇreturn
Γöé           ΓööΓöÇΓöÇΓöÇcall sys__native_hash_adler32(value)
Γö£ΓöÇΓöÇΓöÇfn sys__hash_crc32 -> i32
Γöé   Γö£ΓöÇΓöÇΓöÇparams
Γöé   Γöé   ΓööΓöÇΓöÇΓöÇparam nconst str& value
Γöé   ΓööΓöÇΓöÇΓöÇbody
Γöé       ΓööΓöÇΓöÇΓöÇreturn
Γöé           ΓööΓöÇΓöÇΓöÇcall sys__native_hash_crc32(value)
Γö£ΓöÇΓöÇΓöÇfn sys__hash_murmur3_32 -> i32
Γöé   Γö£ΓöÇΓöÇΓöÇparams
Γöé   Γöé   ΓööΓöÇΓöÇΓöÇparam nconst str& value
Γöé   ΓööΓöÇΓöÇΓöÇbody
Γöé       ΓööΓöÇΓöÇΓöÇreturn
Γöé           ΓööΓöÇΓöÇΓöÇcall sys__native_hash_murmur3_32(value)
Γö£ΓöÇΓöÇΓöÇunsafe-block
Γö£ΓöÇΓöÇΓöÇfn sys__json_parse_bool -> i32
Γöé   Γö£ΓöÇΓöÇΓöÇparams
Γöé   Γöé   ΓööΓöÇΓöÇΓöÇparam nconst str& value
Γöé   ΓööΓöÇΓöÇΓöÇbody
Γöé       ΓööΓöÇΓöÇΓöÇreturn
Γöé           ΓööΓöÇΓöÇΓöÇcall sys__native_json_parse_bool(value)
Γö£ΓöÇΓöÇΓöÇfn sys__json_parse_int -> long
Γöé   Γö£ΓöÇΓöÇΓöÇparams
Γöé   Γöé   ΓööΓöÇΓöÇΓöÇparam nconst str& value
Γöé   ΓööΓöÇΓöÇΓöÇbody
Γöé       ΓööΓöÇΓöÇΓöÇreturn
Γöé           ΓööΓöÇΓöÇΓöÇcall sys__native_json_parse_int(value)
Γö£ΓöÇΓöÇΓöÇfn sys__json_parse_float -> f64
Γöé   Γö£ΓöÇΓöÇΓöÇparams
Γöé   Γöé   ΓööΓöÇΓöÇΓöÇparam nconst str& value
Γöé   ΓööΓöÇΓöÇΓöÇbody
Γöé       ΓööΓöÇΓöÇΓöÇreturn
Γöé           ΓööΓöÇΓöÇΓöÇcall sys__native_json_parse_float(value)
Γö£ΓöÇΓöÇΓöÇfn sys__json_parse_str -> str
Γöé   Γö£ΓöÇΓöÇΓöÇparams
Γöé   Γöé   ΓööΓöÇΓöÇΓöÇparam nconst str& value
Γöé   ΓööΓöÇΓöÇΓöÇbody
Γöé       ΓööΓöÇΓöÇΓöÇreturn
Γöé           ΓööΓöÇΓöÇΓöÇcall sys__native_json_parse_str(value)
Γö£ΓöÇΓöÇΓöÇfn sys__json_parse_array -> vector
Γöé   Γö£ΓöÇΓöÇΓöÇparams
Γöé   Γöé   ΓööΓöÇΓöÇΓöÇparam nconst str& value
Γöé   ΓööΓöÇΓöÇΓöÇbody
Γöé       ΓööΓöÇΓöÇΓöÇreturn
Γöé           ΓööΓöÇΓöÇΓöÇcall sys__native_json_parse_array(value)
Γö£ΓöÇΓöÇΓöÇfn sys__json_parse_object -> map
Γöé   Γö£ΓöÇΓöÇΓöÇparams
Γöé   Γöé   ΓööΓöÇΓöÇΓöÇparam nconst str& value
Γöé   ΓööΓöÇΓöÇΓöÇbody
Γöé       ΓööΓöÇΓöÇΓöÇreturn
Γöé           ΓööΓöÇΓöÇΓöÇcall sys__native_json_parse_object(value)
Γö£ΓöÇΓöÇΓöÇfn sys__json_write_bool -> str
Γöé   Γö£ΓöÇΓöÇΓöÇparams
Γöé   Γöé   ΓööΓöÇΓöÇΓöÇparam i32 value
Γöé   ΓööΓöÇΓöÇΓöÇbody
Γöé       ΓööΓöÇΓöÇΓöÇreturn
Γöé           ΓööΓöÇΓöÇΓöÇcall sys__native_json_write_bool(value)
Γö£ΓöÇΓöÇΓöÇfn sys__json_write_int -> str
Γöé   Γö£ΓöÇΓöÇΓöÇparams
Γöé   Γöé   ΓööΓöÇΓöÇΓöÇparam long value
Γöé   ΓööΓöÇΓöÇΓöÇbody
Γöé       ΓööΓöÇΓöÇΓöÇreturn
Γöé           ΓööΓöÇΓöÇΓöÇcall sys__native_json_write_int(value)
Γö£ΓöÇΓöÇΓöÇfn sys__json_write_float -> str
Γöé   Γö£ΓöÇΓöÇΓöÇparams
Γöé   Γöé   ΓööΓöÇΓöÇΓöÇparam f64 value
Γöé   ΓööΓöÇΓöÇΓöÇbody
Γöé       ΓööΓöÇΓöÇΓöÇreturn
Γöé           ΓööΓöÇΓöÇΓöÇcall sys__native_json_write_float(value)
Γö£ΓöÇΓöÇΓöÇfn sys__json_write_str -> str
Γöé   Γö£ΓöÇΓöÇΓöÇparams
Γöé   Γöé   ΓööΓöÇΓöÇΓöÇparam nconst str& value
Γöé   ΓööΓöÇΓöÇΓöÇbody
Γöé       ΓööΓöÇΓöÇΓöÇreturn
Γöé           ΓööΓöÇΓöÇΓöÇcall sys__native_json_write_str(value)
Γö£ΓöÇΓöÇΓöÇfn sys__json_write_array -> str
Γöé   Γö£ΓöÇΓöÇΓöÇparams
Γöé   Γöé   ΓööΓöÇΓöÇΓöÇparam nconst vector& value
Γöé   ΓööΓöÇΓöÇΓöÇbody
Γöé       ΓööΓöÇΓöÇΓöÇreturn
Γöé           ΓööΓöÇΓöÇΓöÇcall sys__native_json_write_array(value)
Γö£ΓöÇΓöÇΓöÇfn sys__json_write_object -> str
Γöé   Γö£ΓöÇΓöÇΓöÇparams
Γöé   Γöé   ΓööΓöÇΓöÇΓöÇparam nconst map& value
Γöé   ΓööΓöÇΓöÇΓöÇbody
Γöé       ΓööΓöÇΓöÇΓöÇreturn
Γöé           ΓööΓöÇΓöÇΓöÇcall sys__native_json_write_object(value)
Γö£ΓöÇΓöÇΓöÇfn sys__json_write_array_start -> str
Γöé   ΓööΓöÇΓöÇΓöÇbody
Γöé       ΓööΓöÇΓöÇΓöÇreturn
Γöé           ΓööΓöÇΓöÇΓöÇcall sys__native_json_write_array_start()
Γö£ΓöÇΓöÇΓöÇfn sys__json_write_array_end -> str
Γöé   ΓööΓöÇΓöÇΓöÇbody
Γöé       ΓööΓöÇΓöÇΓöÇreturn
Γöé           ΓööΓöÇΓöÇΓöÇcall sys__native_json_write_array_end()
Γö£ΓöÇΓöÇΓöÇfn sys__json_write_object_start -> str
Γöé   ΓööΓöÇΓöÇΓöÇbody
Γöé       ΓööΓöÇΓöÇΓöÇreturn
Γöé           ΓööΓöÇΓöÇΓöÇcall sys__native_json_write_object_start()
Γö£ΓöÇΓöÇΓöÇfn sys__json_write_object_end -> str
Γöé   ΓööΓöÇΓöÇΓöÇbody
Γöé       ΓööΓöÇΓöÇΓöÇreturn
Γöé           ΓööΓöÇΓöÇΓöÇcall sys__native_json_write_object_end()
Γö£ΓöÇΓöÇΓöÇunsafe-block
Γö£ΓöÇΓöÇΓöÇfn sys__url_parse -> url
Γöé   Γö£ΓöÇΓöÇΓöÇparams
Γöé   Γöé   ΓööΓöÇΓöÇΓöÇparam nconst str& value
Γöé   ΓööΓöÇΓöÇΓöÇbody
Γöé       ΓööΓöÇΓöÇΓöÇreturn
Γöé           ΓööΓöÇΓöÇΓöÇcall sys__native_url_parse(value)
Γö£ΓöÇΓöÇΓöÇfn sys__url_scheme -> str
Γöé   Γö£ΓöÇΓöÇΓöÇparams
Γöé   Γöé   ΓööΓöÇΓöÇΓöÇparam nconst url& value
Γöé   ΓööΓöÇΓöÇΓöÇbody
Γöé       ΓööΓöÇΓöÇΓöÇreturn
Γöé           ΓööΓöÇΓöÇΓöÇcall sys__native_url_scheme(value)
Γö£ΓöÇΓöÇΓöÇfn sys__url_username -> str
Γöé   Γö£ΓöÇΓöÇΓöÇparams
Γöé   Γöé   ΓööΓöÇΓöÇΓöÇparam nconst url& value
Γöé   ΓööΓöÇΓöÇΓöÇbody
Γöé       ΓööΓöÇΓöÇΓöÇreturn
Γöé           ΓööΓöÇΓöÇΓöÇcall sys__native_url_username(value)
Γö£ΓöÇΓöÇΓöÇfn sys__url_password -> str
Γöé   Γö£ΓöÇΓöÇΓöÇparams
Γöé   Γöé   ΓööΓöÇΓöÇΓöÇparam nconst url& value
Γöé   ΓööΓöÇΓöÇΓöÇbody
Γöé       ΓööΓöÇΓöÇΓöÇreturn
Γöé           ΓööΓöÇΓöÇΓöÇcall sys__native_url_password(value)
Γö£ΓöÇΓöÇΓöÇfn sys__url_host -> str
Γöé   Γö£ΓöÇΓöÇΓöÇparams
Γöé   Γöé   ΓööΓöÇΓöÇΓöÇparam nconst url& value
Γöé   ΓööΓöÇΓöÇΓöÇbody
Γöé       ΓööΓöÇΓöÇΓöÇreturn
Γöé           ΓööΓöÇΓöÇΓöÇcall sys__native_url_host(value)
Γö£ΓöÇΓöÇΓöÇfn sys__url_port -> str
Γöé   Γö£ΓöÇΓöÇΓöÇparams
Γöé   Γöé   ΓööΓöÇΓöÇΓöÇparam nconst url& value
Γöé   ΓööΓöÇΓöÇΓöÇbody
Γöé       ΓööΓöÇΓöÇΓöÇreturn
Γöé           ΓööΓöÇΓöÇΓöÇcall sys__native_url_port(value)
Γö£ΓöÇΓöÇΓöÇfn sys__url_path -> str
Γöé   Γö£ΓöÇΓöÇΓöÇparams
Γöé   Γöé   ΓööΓöÇΓöÇΓöÇparam nconst url& value
Γöé   ΓööΓöÇΓöÇΓöÇbody
Γöé       ΓööΓöÇΓöÇΓöÇreturn
Γöé           ΓööΓöÇΓöÇΓöÇcall sys__native_url_path(value)
Γö£ΓöÇΓöÇΓöÇfn sys__url_query -> str
Γöé   Γö£ΓöÇΓöÇΓöÇparams
Γöé   Γöé   ΓööΓöÇΓöÇΓöÇparam nconst url& value
Γöé   ΓööΓöÇΓöÇΓöÇbody
Γöé       ΓööΓöÇΓöÇΓöÇreturn
Γöé           ΓööΓöÇΓöÇΓöÇcall sys__native_url_query(value)
Γö£ΓöÇΓöÇΓöÇfn sys__url_fragment -> str
Γöé   Γö£ΓöÇΓöÇΓöÇparams
Γöé   Γöé   ΓööΓöÇΓöÇΓöÇparam nconst url& value
Γöé   ΓööΓöÇΓöÇΓöÇbody
Γöé       ΓööΓöÇΓöÇΓöÇreturn
Γöé           ΓööΓöÇΓöÇΓöÇcall sys__native_url_fragment(value)
Γö£ΓöÇΓöÇΓöÇfn sys__url_join -> str
Γöé   Γö£ΓöÇΓöÇΓöÇparams
Γöé   Γöé   Γö£ΓöÇΓöÇΓöÇparam nconst str& base
Γöé   Γöé   ΓööΓöÇΓöÇΓöÇparam nconst str& relative
Γöé   ΓööΓöÇΓöÇΓöÇbody
Γöé       ΓööΓöÇΓöÇΓöÇreturn
Γöé           ΓööΓöÇΓöÇΓöÇcall sys__native_url_join(base, relative)
Γö£ΓöÇΓöÇΓöÇunsafe-block
ΓööΓöÇΓöÇΓöÇfn main -> i32
    ΓööΓöÇΓöÇΓöÇbody
        Γö£ΓöÇΓöÇΓöÇinit site
        Γöé   Γö£ΓöÇΓöÇΓöÇtype url
        Γöé   ΓööΓöÇΓöÇΓöÇvalue: call sys__url_parse("https://user:pass@ex...)
        Γö£ΓöÇΓöÇΓöÇinit joined
        Γöé   Γö£ΓöÇΓöÇΓöÇtype str
        Γöé   ΓööΓöÇΓöÇΓöÇvalue: call sys__url_join("https://example.com/..., "guide/getting-starte...)
        Γö£ΓöÇΓöÇΓöÇif
        Γöé   Γö£ΓöÇΓöÇΓöÇcond: eq !=
        Γöé   Γöé   Γö£ΓöÇΓöÇΓöÇcall sys__url_scheme(site)
        Γöé   Γöé   ΓööΓöÇΓöÇΓöÇstring "https"
        Γöé   ΓööΓöÇΓöÇΓöÇthen
        Γöé       ΓööΓöÇΓöÇΓöÇreturn
        Γöé           ΓööΓöÇΓöÇΓöÇint 1
        Γö£ΓöÇΓöÇΓöÇif
        Γöé   Γö£ΓöÇΓöÇΓöÇcond: eq !=
        Γöé   Γöé   Γö£ΓöÇΓöÇΓöÇcall sys__url_username(site)
        Γöé   Γöé   ΓööΓöÇΓöÇΓöÇstring "user"
        Γöé   ΓööΓöÇΓöÇΓöÇthen
        Γöé       ΓööΓöÇΓöÇΓöÇreturn
        Γöé           ΓööΓöÇΓöÇΓöÇint 2
        Γö£ΓöÇΓöÇΓöÇif
        Γöé   Γö£ΓöÇΓöÇΓöÇcond: eq !=
        Γöé   Γöé   Γö£ΓöÇΓöÇΓöÇcall sys__url_password(site)
        Γöé   Γöé   ΓööΓöÇΓöÇΓöÇstring "pass"
        Γöé   ΓööΓöÇΓöÇΓöÇthen
        Γöé       ΓööΓöÇΓöÇΓöÇreturn
        Γöé           ΓööΓöÇΓöÇΓöÇint 3
        Γö£ΓöÇΓöÇΓöÇif
        Γöé   Γö£ΓöÇΓöÇΓöÇcond: eq !=
        Γöé   Γöé   Γö£ΓöÇΓöÇΓöÇcall sys__url_host(site)
        Γöé   Γöé   ΓööΓöÇΓöÇΓöÇstring "example.com"
        Γöé   ΓööΓöÇΓöÇΓöÇthen
        Γöé       ΓööΓöÇΓöÇΓöÇreturn
        Γöé           ΓööΓöÇΓöÇΓöÇint 4
        Γö£ΓöÇΓöÇΓöÇif
        Γöé   Γö£ΓöÇΓöÇΓöÇcond: eq !=
        Γöé   Γöé   Γö£ΓöÇΓöÇΓöÇcall sys__url_port(site)
        Γöé   Γöé   ΓööΓöÇΓöÇΓöÇstring "8080"
        Γöé   ΓööΓöÇΓöÇΓöÇthen
        Γöé       ΓööΓöÇΓöÇΓöÇreturn
        Γöé           ΓööΓöÇΓöÇΓöÇint 5
        Γö£ΓöÇΓöÇΓöÇif
        Γöé   Γö£ΓöÇΓöÇΓöÇcond: eq !=
        Γöé   Γöé   Γö£ΓöÇΓöÇΓöÇcall sys__url_query(site)
        Γöé   Γöé   ΓööΓöÇΓöÇΓöÇstring "q=apollo"
        Γöé   ΓööΓöÇΓöÇΓöÇthen
        Γöé       ΓööΓöÇΓöÇΓöÇreturn
        Γöé           ΓööΓöÇΓöÇΓöÇint 6
        Γö£ΓöÇΓöÇΓöÇif
        Γöé   Γö£ΓöÇΓöÇΓöÇcond: eq !=
        Γöé   Γöé   Γö£ΓöÇΓöÇΓöÇcall sys__url_fragment(site)
        Γöé   Γöé   ΓööΓöÇΓöÇΓöÇstring "intro"
        Γöé   ΓööΓöÇΓöÇΓöÇthen
        Γöé       ΓööΓöÇΓöÇΓöÇreturn
        Γöé           ΓööΓöÇΓöÇΓöÇint 7
        Γö£ΓöÇΓöÇΓöÇif
        Γöé   Γö£ΓöÇΓöÇΓöÇcond: eq ==
        Γöé   Γöé   Γö£ΓöÇΓöÇΓöÇcall sys__str_len(joined)
        Γöé   Γöé   ΓööΓöÇΓöÇΓöÇint 0
        Γöé   ΓööΓöÇΓöÇΓöÇthen
        Γöé       ΓööΓöÇΓöÇΓöÇreturn
        Γöé           ΓööΓöÇΓöÇΓöÇint 8
        Γö£ΓöÇΓöÇΓöÇcall sys__handle_destroy(site)
        ΓööΓöÇΓöÇΓöÇreturn
            ΓööΓöÇΓöÇΓöÇint 0
=== End Apollo AST ===
